file,text_node,term,classification,rationale,context
404.html,1,home health,ALLOWED,Legal-name or explicit service-distinction context.,Page Not Found | Primetime Home Health
404.html,13,medical,ALLOWED,Explicit scope limitation or non-medical context.,Explore non-medical personal assistance services available through Primetime.
404.html,21,home health,ALLOWED,Legal business name.,"Primetime Home Health Services, Inc. ·"
a-home-care-plan-thats-all-about-you.html,1,home health,QUARANTINED,Article is noindex and permanently redirected pending editorial review.,A Home Care Plan That’s All About You | Primetime Home Health
a-home-care-plan-thats-all-about-you.html,35,home health,QUARANTINED,Article is noindex and permanently redirected pending editorial review.,"home health agency in Houston, Texas"
a-home-care-plan-thats-all-about-you.html,42,medical,QUARANTINED,Article is noindex and permanently redirected pending editorial review.,". They take into account a patient’s medical history, preferences, and daily living needs. For example, someone who requires assistance with medication management will have a different care plan compared to someone needing help with daily activities. This attention to detail ensures that the services provided meet the patient’s physical, emotional, and social needs in a way that promotes independence and comfort."
a-home-care-plan-thats-all-about-you.html,43,nursing,QUARANTINED,Article is noindex and permanently redirected pending editorial review.,Home nursing care in Texas
a-home-care-plan-thats-all-about-you.html,44,nursing,QUARANTINED,Article is noindex and permanently redirected pending editorial review.,"also plays an essential role in creating a well-rounded care plan. With specialized nursing services, professionals can address complex health issues, like post-surgery recovery or managing a chronic illness. Nurses work closely with the client and their family to create a plan that adapts to their changing health status. By having a personalized care plan in place, you can rest assured that care is being provided in the best possible manner."
a-home-care-plan-thats-all-about-you.html,44,nurse,QUARANTINED,Article is noindex and permanently redirected pending editorial review.,"also plays an essential role in creating a well-rounded care plan. With specialized nursing services, professionals can address complex health issues, like post-surgery recovery or managing a chronic illness. Nurses work closely with the client and their family to create a plan that adapts to their changing health status. By having a personalized care plan in place, you can rest assured that care is being provided in the best possible manner."
a-home-care-plan-thats-all-about-you.html,49,home health,QUARANTINED,Article is noindex and permanently redirected pending editorial review.,"at Primetime Home Health Services, Inc. for personalized care services."
boosting-senior-safety-with-light-housekeeping.html,1,home health,QUARANTINED,Article is noindex and permanently redirected pending editorial review.,Boosting Senior Safety With Light | Primetime Home Health
boosting-senior-safety-with-light-housekeeping.html,35,home health,QUARANTINED,Article is noindex and permanently redirected pending editorial review.,"home health agency in Houston, Texas"
boosting-senior-safety-with-light-housekeeping.html,52,nursing,QUARANTINED,Article is noindex and permanently redirected pending editorial review.,home nursing care in Texas
boosting-senior-safety-with-light-housekeeping.html,53,medical,QUARANTINED,Article is noindex and permanently redirected pending editorial review.,"ensures that seniors receive not only medical attention but also a clean and safe living environment. This holistic approach helps in addressing both physical and emotional needs, promoting overall well-being."
boosting-senior-safety-with-light-housekeeping.html,61,home health,QUARANTINED,Article is noindex and permanently redirected pending editorial review.,"Primetime Home Health Services, Inc. today. We are dedicated to providing the best care solutions tailored to your needs."
elderly-comfort-optimizing-home-environments.html,1,home health,QUARANTINED,Article is noindex and permanently redirected pending editorial review.,Elderly Comfort: Optimizing Home | Primetime Home Health
elderly-comfort-optimizing-home-environments.html,35,home health,QUARANTINED,Article is noindex and permanently redirected pending editorial review.,"home health agency in Houston, Texas"
elderly-comfort-optimizing-home-environments.html,37,home health,QUARANTINED,Article is noindex and permanently redirected pending editorial review.,"Primetime Home Health Services, Inc."
elderly-comfort-optimizing-home-environments.html,43,nursing,QUARANTINED,Article is noindex and permanently redirected pending editorial review.,home nursing care in Texas
elderly-comfort-optimizing-home-environments.html,44,nurse,QUARANTINED,Article is noindex and permanently redirected pending editorial review.,provides valuable support for seniors with complex medical needs. Skilled nurses can assist with
elderly-comfort-optimizing-home-environments.html,44,medical,QUARANTINED,Article is noindex and permanently redirected pending editorial review.,provides valuable support for seniors with complex medical needs. Skilled nurses can assist with
elderly-comfort-optimizing-home-environments.html,46,wound care,QUARANTINED,Article is noindex and permanently redirected pending editorial review.,", wound care, and monitoring vital signs, ensuring optimal health outcomes within the comfort of home. This personalized approach to healthcare fosters a sense of security and familiarity for elderly individuals, promoting overall well-being."
elderly-comfort-optimizing-home-environments.html,52,home health,QUARANTINED,Article is noindex and permanently redirected pending editorial review.,"Primetime Home Health Services, Inc."
empathy-in-aging-nurturing-elderly-mental-health.html,1,home health,QUARANTINED,Article is noindex and permanently redirected pending editorial review.,Empathy in Aging: Nurturing Elderly | Primetime Home Health
empathy-in-aging-nurturing-elderly-mental-health.html,35,home health,QUARANTINED,Article is noindex and permanently redirected pending editorial review.,"home health agency in Houston, Texas"
empathy-in-aging-nurturing-elderly-mental-health.html,36,medical,QUARANTINED,Article is noindex and permanently redirected pending editorial review.,", offers specialized support to address these needs. Our services are designed not only to provide medical care but also to ensure the emotional and psychological welfare of our clients."
empathy-in-aging-nurturing-elderly-mental-health.html,41,nursing,QUARANTINED,Article is noindex and permanently redirected pending editorial review.,home nursing care in Texas
empathy-in-aging-nurturing-elderly-mental-health.html,42,nurse,QUARANTINED,Article is noindex and permanently redirected pending editorial review.,"plays a pivotal role in supporting elderly mental health. Our qualified nurses are trained to offer not just medical attention but also emotional support, understanding that health care encompasses both physical and mental well-being. By fostering an environment of care and respect, our nurses help alleviate the anxieties and fears associated with aging, enabling seniors to lead more fulfilling lives despite the challenges."
empathy-in-aging-nurturing-elderly-mental-health.html,42,medical,QUARANTINED,Article is noindex and permanently redirected pending editorial review.,"plays a pivotal role in supporting elderly mental health. Our qualified nurses are trained to offer not just medical attention but also emotional support, understanding that health care encompasses both physical and mental well-being. By fostering an environment of care and respect, our nurses help alleviate the anxieties and fears associated with aging, enabling seniors to lead more fulfilling lives despite the challenges."
empathy-in-aging-nurturing-elderly-mental-health.html,45,home health,QUARANTINED,Article is noindex and permanently redirected pending editorial review.,"Primetime Home Health Services, Inc."
enhancing-quality-of-life-with-personal-home-care.html,1,home health,QUARANTINED,Article is noindex and permanently redirected pending editorial review.,Enhancing Quality of Life with | Primetime Home Health
enhancing-quality-of-life-with-personal-home-care.html,36,home health,QUARANTINED,Article is noindex and permanently redirected pending editorial review.,"home health agency in Houston, Texas"
enhancing-quality-of-life-with-personal-home-care.html,44,nursing,QUARANTINED,Article is noindex and permanently redirected pending editorial review.,home nursing care in Texas
enhancing-quality-of-life-with-personal-home-care.html,45,medical,QUARANTINED,Article is noindex and permanently redirected pending editorial review.,"offers specialized medical and personal assistance. These services include wound care,"
enhancing-quality-of-life-with-personal-home-care.html,45,wound care,QUARANTINED,Article is noindex and permanently redirected pending editorial review.,"offers specialized medical and personal assistance. These services include wound care,"
enhancing-quality-of-life-with-personal-home-care.html,47,medical,QUARANTINED,Article is noindex and permanently redirected pending editorial review.,", and regular health monitoring delivered by trained professionals. This level of care ensures that individuals with more complex health needs can remain at home while receiving high-quality medical attention."
enhancing-quality-of-life-with-personal-home-care.html,50,home health,QUARANTINED,Article is noindex and permanently redirected pending editorial review.,"Primetime Home Health Services, Inc. today."
enhancing-senior-living-with-personal-assistance.html,1,home health,QUARANTINED,Article is noindex and permanently redirected pending editorial review.,Enhancing Senior Living With Personal | Primetime Home Health
enhancing-senior-living-with-personal-assistance.html,35,home health,QUARANTINED,Article is noindex and permanently redirected pending editorial review.,"home health agency in Houston, Texas"
enhancing-senior-living-with-personal-assistance.html,36,home health,QUARANTINED,Article is noindex and permanently redirected pending editorial review.,", Primetime Home Health Services, Inc. understands the importance of seniors maintaining their independence and dignity in the comfort of their own homes. This is where our home care services can be invaluable. We offer various personalized care options designed to meet the specific needs of each senior, allowing them to live life to the fullest."
enhancing-senior-living-with-personal-assistance.html,38,nursing,QUARANTINED,Article is noindex and permanently redirected pending editorial review.,home nursing care in Texas
enhancing-senior-living-with-personal-assistance.html,45,medical,QUARANTINED,Article is noindex and permanently redirected pending editorial review.,", with our companions providing nonmedical assistance such as transportation to appointments, grocery shopping, and engaging in hobbies and social outings. This support empowers seniors to remain active and engaged in their communities, fostering a sense of purpose and well-being."
enhancing-senior-living-with-personal-assistance.html,49,home health,QUARANTINED,Article is noindex and permanently redirected pending editorial review.,"Primetime Home Health Services, Inc."
enhancing-senior-living-with-personal-assistance.html,65,home health,QUARANTINED,Article is noindex and permanently redirected pending editorial review.,Medication Management: Tips for Home Health Aides
ensuring-home-care-safety-essential-tips.html,1,home health,QUARANTINED,Article is noindex and permanently redirected pending editorial review.,Ensuring Home Care Safety: Essential | Primetime Home Health
ensuring-home-care-safety-essential-tips.html,35,home health,QUARANTINED,Article is noindex and permanently redirected pending editorial review.,"Primetime Home Health Services, Inc."
ensuring-home-care-safety-essential-tips.html,37,home health,QUARANTINED,Article is noindex and permanently redirected pending editorial review.,"home health agency in Houston, Texas"
ensuring-home-care-safety-essential-tips.html,45,nursing,QUARANTINED,Article is noindex and permanently redirected pending editorial review.,home nursing care in Texas
ensuring-home-care-safety-essential-tips.html,59,home health,QUARANTINED,Article is noindex and permanently redirected pending editorial review.,"Primetime Home Health Services, Inc."
ensuring-medication-adherence-for-better-health.html,1,home health,QUARANTINED,Article is noindex and permanently redirected pending editorial review.,Ensuring Medication Adherence for | Primetime Home Health
ensuring-medication-adherence-for-better-health.html,34,treatment,QUARANTINED,Article is noindex and permanently redirected pending editorial review.,"Medication management is crucial for maintaining health, especially for those with chronic conditions or multiple prescriptions. Ensuring that medications are taken on time can be challenging, but it is essential for effective treatment and overall well-being. This is where a reliable"
ensuring-medication-adherence-for-better-health.html,35,home health,QUARANTINED,Article is noindex and permanently redirected pending editorial review.,"home health agency in Houston, Texas"
ensuring-medication-adherence-for-better-health.html,36,treatment,QUARANTINED,Article is noindex and permanently redirected pending editorial review.,", can make a significant difference. They offer specialized services that help individuals adhere to their medication schedules, ensuring that no dose is missed and that treatment plans are followed precisely."
ensuring-medication-adherence-for-better-health.html,44,nursing,QUARANTINED,Article is noindex and permanently redirected pending editorial review.,Home nursing care in Texas
ensuring-medication-adherence-for-better-health.html,47,nursing,QUARANTINED,Article is noindex and permanently redirected pending editorial review.,". Nurses are trained to administer medications, monitor responses, and adjust treatments as needed. This level of care ensures that medication plans are executed accurately and provides a safety net for individuals who may need more intensive oversight. Engaging with home nursing care services can enhance medication adherence and overall health management."
ensuring-medication-adherence-for-better-health.html,47,nurse,QUARANTINED,Article is noindex and permanently redirected pending editorial review.,". Nurses are trained to administer medications, monitor responses, and adjust treatments as needed. This level of care ensures that medication plans are executed accurately and provides a safety net for individuals who may need more intensive oversight. Engaging with home nursing care services can enhance medication adherence and overall health management."
ensuring-medication-adherence-for-better-health.html,47,administer,QUARANTINED,Article is noindex and permanently redirected pending editorial review.,". Nurses are trained to administer medications, monitor responses, and adjust treatments as needed. This level of care ensures that medication plans are executed accurately and provides a safety net for individuals who may need more intensive oversight. Engaging with home nursing care services can enhance medication adherence and overall health management."
ensuring-medication-adherence-for-better-health.html,47,treatment,QUARANTINED,Article is noindex and permanently redirected pending editorial review.,". Nurses are trained to administer medications, monitor responses, and adjust treatments as needed. This level of care ensures that medication plans are executed accurately and provides a safety net for individuals who may need more intensive oversight. Engaging with home nursing care services can enhance medication adherence and overall health management."
ensuring-medication-adherence-for-better-health.html,50,home health,QUARANTINED,Article is noindex and permanently redirected pending editorial review.,"out to Primetime Home Health Services, Inc. to explore your options. Effective medication management is just one of the many benefits that these services can provide."
home-care-about-us.html,1,home health,ALLOWED,Legal-name or explicit service-distinction context.,About Primetime Home Health | Houston Home Care
home-care-about-us.html,15,home health,ALLOWED,Legal business name.,"As a long-standing local agency, Primetime Home Health Services helps Houston-area families find dependable, non-medical support in the comfort of home."
home-care-about-us.html,15,medical,ALLOWED,Explicit scope limitation or non-medical context.,"As a long-standing local agency, Primetime Home Health Services helps Houston-area families find dependable, non-medical support in the comfort of home."
home-care-about-us.html,19,medical,ALLOWED,Explicit scope limitation or non-medical context.,Non-Medical Personal Assistance
home-care-about-us.html,30,medical,ALLOWED,Explicit scope limitation or non-medical context.,Personal assistance. Not skilled medical care.
home-care-about-us.html,31,medical,ALLOWED,Explicit scope limitation or non-medical context.,"Our focus is practical, non-medical help with everyday routines. Services are based on the client’s needs and the applicable service authorization."
home-care-about-us.html,35,medical,ALLOWED,Explicit scope limitation or non-medical context.,Non-medical medication reminders
home-care-about-us.html,39,nursing,ALLOWED,Explicit scope limitation or non-medical context.,"Primetime provides non-medical personal assistance services, not skilled nursing, medical treatment or therapy."
home-care-about-us.html,39,medical,ALLOWED,Explicit scope limitation or non-medical context.,"Primetime provides non-medical personal assistance services, not skilled nursing, medical treatment or therapy."
home-care-about-us.html,39,therapy,ALLOWED,Explicit scope limitation or non-medical context.,"Primetime provides non-medical personal assistance services, not skilled nursing, medical treatment or therapy."
home-care-about-us.html,39,treatment,ALLOWED,Explicit scope limitation or non-medical context.,"Primetime provides non-medical personal assistance services, not skilled nursing, medical treatment or therapy."
home-care-about-us.html,56,medical,ALLOWED,Explicit scope limitation or non-medical context.,Compassionate non-medical personal assistance services for eligible families across Greater Houston.
home-care-about-us.html,73,home health,ALLOWED,Legal business name.,"© Primetime Home Health Services, Inc. All rights reserved."
home-care-areas-we-serve.html,10,home health,ALLOWED,Legal business name.,Primetime Home Health Services is a long-standing local agency serving Houston-area families. Explore the communities we serve and learn about non-medical personal assistance services available close to home.
home-care-areas-we-serve.html,10,medical,ALLOWED,Explicit scope limitation or non-medical context.,Primetime Home Health Services is a long-standing local agency serving Houston-area families. Explore the communities we serve and learn about non-medical personal assistance services available close to home.
home-care-areas-we-serve.html,134,home health,ALLOWED,Legal business name.,"© Primetime Home Health Services, Inc."
home-care-baytown-texas.html,1,home health,ALLOWED,Legal-name or explicit service-distinction context.,"Home Care in Baytown, TX | Primetime Home Health"
home-care-baytown-texas.html,38,medical,ALLOWED,Explicit scope limitation or non-medical context.,Non-medical prompts that help eligible clients follow the medication schedule established by their healthcare provider.
home-care-baytown-texas.html,57,home health,ALLOWED,Legal business name.,Primetime Home Health Services
home-care-baytown-texas.html,69,home health,ALLOWED,Legal business name.,"© 2026 Primetime Home Health Services, Inc. All rights reserved. |"
home-care-blog-page-2.html,1,home health,QUARANTINED,Article is noindex and permanently redirected pending editorial review.,"Respite Care in Houston, Texas | Primetime Home Health"
home-care-blog-page-2.html,33,home health,QUARANTINED,Article is noindex and permanently redirected pending editorial review.,Ensuring the safety of seniors in their own homes is a critical concern for families and caregivers alike. Light housekeeping plays a significant role in maintaining a safe and comfortable environment for older people. As a leading home health agency...
home-care-blog-page-2.html,43,home health,QUARANTINED,Article is noindex and permanently redirected pending editorial review.,"Empowerment through personal assistance is pivotal for maintaining quality of life, particularly for individuals requiring support. A home health agency in Houston, Texas, provides tailored services designed to enhance independence and well-being. By..."
home-care-blog-page-2.html,48,treatment,QUARANTINED,Article is noindex and permanently redirected pending editorial review.,"Medication management is crucial for maintaining health, especially for those with chronic conditions or multiple prescriptions. Ensuring that medications are taken on time can be challenging, but it is essential for effective treatment and overall w..."
home-care-blog-page-2.html,53,home health,QUARANTINED,Article is noindex and permanently redirected pending editorial review.,"When it comes to ensuring the well-being of loved ones, finding the right support system is crucial. A home health agency in Houston, Texas, can provide the personalized assistance needed to enhance the quality of life for individuals requiring extra..."
home-care-blog-page-2.html,58,home health,QUARANTINED,Article is noindex and permanently redirected pending editorial review.,"In today’s fast-paced world, the need for comprehensive care solutions has become increasingly essential. Enter the home health agency in Houston, Texas, a shining example of how modern home care is transforming lives. These agencies are dedica..."
home-care-blog-page-3.html,1,home health,QUARANTINED,Article is noindex and permanently redirected pending editorial review.,"Respite Care in Houston, Texas | Primetime Home Health"
home-care-blog-page-3.html,33,home health,QUARANTINED,Article is noindex and permanently redirected pending editorial review.,"Promoting wellness in senior homes is a top priority for Primetime Home Health Services, Inc., a leading home health agency in Houston, Texas. Ensuring that our elderly receive the best possible care is at the heart of our mission. We provide a compr..."
home-care-blog-page-3.html,38,home health,QUARANTINED,Article is noindex and permanently redirected pending editorial review.,"As a leading home health agency in Houston, Texas, Primetime Home Health Services, Inc. understands the importance of seniors maintaining their independence and dignity in the comfort of their own homes. This is where our home care services can be in..."
home-care-blog-page-3.html,40,home health,QUARANTINED,Article is noindex and permanently redirected pending editorial review.,Medication Management: Tips for Home Health Aides
home-care-blog-page-3.html,43,home health,QUARANTINED,Article is noindex and permanently redirected pending editorial review.,"Effectively managing medications is paramount for ensuring the well-being of clients receiving care at home. As a reputable home health agency in Houston, Texas, Primetime Home Health Services, Inc. understands the importance of equipping home h..."
home-care-blog-page-3.html,45,nursing,QUARANTINED,Article is noindex and permanently redirected pending editorial review.,Unveiling Nursing Care Plans: A Comprehensive Guide
home-care-blog-page-3.html,48,home health,QUARANTINED,Article is noindex and permanently redirected pending editorial review.,"Nursing care plans play a pivotal role in ensuring the well-being and recovery of individuals receiving care at home. At Primetime Home Health Services, Inc., a leading home health agency in Houston, Texas, we understand the significance of personali..."
home-care-blog-page-3.html,48,nursing,QUARANTINED,Article is noindex and permanently redirected pending editorial review.,"Nursing care plans play a pivotal role in ensuring the well-being and recovery of individuals receiving care at home. At Primetime Home Health Services, Inc., a leading home health agency in Houston, Texas, we understand the significance of personali..."
home-care-blog-page-3.html,53,home health,QUARANTINED,Article is noindex and permanently redirected pending editorial review.,"For families seeking home care services for themselves or loved ones, navigating the numerous options can feel overwhelming. Primetime Home Health Services, Inc., a trusted home health agency in Houston, Texas, understands this challenge. We’ve..."
home-care-blog-page-3.html,58,home health,QUARANTINED,Article is noindex and permanently redirected pending editorial review.,"As a trusted home health agency in Houston, Texas, we understand the importance of proper nutrition for seniors. Eating a balanced diet plays a crucial role in maintaining overall health and well-being, especially for older adults who may be more sus..."
home-care-blog-page-4.html,1,home health,QUARANTINED,Article is noindex and permanently redirected pending editorial review.,"Respite Care in Houston, Texas | Primetime Home Health"
home-care-blog-page-4.html,33,home health,QUARANTINED,Article is noindex and permanently redirected pending editorial review.,"Medication management is a critical aspect of elderly care, especially when it involves individuals living at home. The home health agency in Houston, Texas, plays a pivotal role in ensuring that seniors receive the right medications at the right tim..."
home-care-blog-page-4.html,43,home health,QUARANTINED,Article is noindex and permanently redirected pending editorial review.,"Hey there, if you or a loved one is seeking to create a cozy and safe space for elderly living, we, as a home health agency in Houston, Texas, Primetime Home Health Services, Inc., understand the importance of a nurturing home environment. Let’..."
home-care-blog-page-4.html,48,home health,QUARANTINED,Article is noindex and permanently redirected pending editorial review.,"Ensuring the safety of loved ones at home is a top priority for many families. Primetime Home Health Services, Inc., a home health agency in Houston, Texas, understands the importance of preventive measures in-home care. Here are some practical tips ..."
home-care-blog-page-4.html,53,home health,QUARANTINED,Article is noindex and permanently redirected pending editorial review.,"As a reputable home health agency in Houston, Texas, we understand the importance of holistic health approaches in senior home care. Incorporating holistic practices can enhance overall well-being and quality of life for elderly individuals. Home car..."
home-care-blog-page-4.html,58,home health,QUARANTINED,Article is noindex and permanently redirected pending editorial review.,"Falls are a significant concern for seniors, especially those receiving care at home. As a leading home health agency in Houston, Texas, we understand the importance of creating safe environments to prevent falls and ensure the well-being of elderly ..."
home-care-blog-page-5.html,1,home health,QUARANTINED,Article is noindex and permanently redirected pending editorial review.,Oops! This is Awkward | Primetime Home Health
home-care-blog.html,1,home health,ALLOWED,Legal-name or explicit service-distinction context.,Houston Home Care Resources | Primetime Home Health
home-care-blog.html,14,medical,ALLOWED,Explicit scope limitation or non-medical context.,We are reviewing our article library so every published resource accurately reflects non-medical personal assistance services.
home-care-blog.html,16,medical,ALLOWED,Explicit scope limitation or non-medical context.,"Our imported article archive is temporarily unavailable while each post is reviewed for accurate non-medical service scope, current sources, privacy, and approved terminology."
home-care-blog.html,21,medical,ALLOWED,Explicit scope limitation or non-medical context.,"Non-medical personal assistance services for eligible children, adults and seniors throughout Greater Houston."
home-care-blog.html,32,home health,ALLOWED,Legal business name.,"© 2026 Primetime Home Health Services, Inc. All rights reserved."
home-care-careers.html,26,home health,ALLOWED,Legal business name.,"Primetime Home Health Services, Inc. is an equal opportunity employer. Employment is contingent on the requirements applicable to the position."
home-care-careers.html,27,medical,ALLOWED,Explicit scope limitation or non-medical context.,"Non-medical personal assistance services for eligible children, adults and seniors throughout Greater Houston."
home-care-careers.html,38,home health,ALLOWED,Legal business name.,"© 2026 Primetime Home Health Services, Inc. All rights reserved."
home-care-client-reviews.html,1,home health,ALLOWED,Legal-name or explicit service-distinction context.,Client Feedback | Primetime Home Health Houston
home-care-client-reviews.html,23,medical,ALLOWED,Explicit scope limitation or non-medical context.,"Non-medical personal assistance services for eligible children, adults and seniors throughout Greater Houston."
home-care-client-reviews.html,34,home health,ALLOWED,Legal business name.,"© 2026 Primetime Home Health Services, Inc. All rights reserved."
home-care-conroe-texas.html,1,home health,ALLOWED,Legal-name or explicit service-distinction context.,"Home Care in Conroe, TX | Primetime Home Health"
home-care-conroe-texas.html,38,medical,ALLOWED,Explicit scope limitation or non-medical context.,Non-medical prompts that help eligible clients follow the medication schedule established by their healthcare provider.
home-care-conroe-texas.html,57,home health,ALLOWED,Legal business name.,Primetime Home Health Services
home-care-conroe-texas.html,69,home health,ALLOWED,Legal business name.,"© 2026 Primetime Home Health Services, Inc. All rights reserved. |"
home-care-contact-us.html,1,home health,ALLOWED,Legal-name or explicit service-distinction context.,"Contact Primetime Home Health | Houston, TX"
home-care-contact-us.html,12,medical,ALLOWED,Explicit scope limitation or non-medical context.,Houston Non-Medical Home Care
home-care-contact-us.html,16,medical,ALLOWED,Explicit scope limitation or non-medical context.,"Call to ask about non-medical personal assistance services, service-area availability, or the information needed to begin agency onboarding after eligibility and authorization are confirmed."
home-care-contact-us.html,19,home health,ALLOWED,Legal business name.,"Primetime Home Health Services, Inc."
home-care-contact-us.html,23,diagnose,ALLOWED,Explicit scope limitation or non-medical context.,"Do not send diagnoses, medication lists, or other sensitive health information through ordinary email or social media. Call our office for the appropriate next step."
home-care-contact-us.html,26,medical,ALLOWED,Explicit scope limitation or non-medical context.,"Learn about attendant care, personal care, respite care, activities of daily living, and non-medical medication reminders."
home-care-contact-us.html,33,nursing,ALLOWED,Explicit scope limitation or non-medical context.,"Primetime provides non-medical personal assistance services. We do not diagnose conditions or provide skilled nursing, medical treatment, or therapy through these services."
home-care-contact-us.html,33,medical,ALLOWED,Explicit scope limitation or non-medical context.,"Primetime provides non-medical personal assistance services. We do not diagnose conditions or provide skilled nursing, medical treatment, or therapy through these services."
home-care-contact-us.html,33,therapy,ALLOWED,Explicit scope limitation or non-medical context.,"Primetime provides non-medical personal assistance services. We do not diagnose conditions or provide skilled nursing, medical treatment, or therapy through these services."
home-care-contact-us.html,33,diagnose,ALLOWED,Explicit scope limitation or non-medical context.,"Primetime provides non-medical personal assistance services. We do not diagnose conditions or provide skilled nursing, medical treatment, or therapy through these services."
home-care-contact-us.html,33,treatment,ALLOWED,Explicit scope limitation or non-medical context.,"Primetime provides non-medical personal assistance services. We do not diagnose conditions or provide skilled nursing, medical treatment, or therapy through these services."
home-care-contact-us.html,34,medical,ALLOWED,Explicit scope limitation or non-medical context.,"Non-medical personal assistance services for eligible children, adults and seniors throughout Greater Houston."
home-care-contact-us.html,45,home health,ALLOWED,Legal business name.,"© 2026 Primetime Home Health Services, Inc. All rights reserved."
home-care-cypress-texas.html,1,home health,ALLOWED,Legal-name or explicit service-distinction context.,"Home Care in Cypress, TX | Primetime Home Health"
home-care-cypress-texas.html,38,medical,ALLOWED,Explicit scope limitation or non-medical context.,Non-medical prompts that help eligible clients follow the medication schedule established by their healthcare provider.
home-care-cypress-texas.html,57,home health,ALLOWED,Legal business name.,Primetime Home Health Services
home-care-cypress-texas.html,69,home health,ALLOWED,Legal business name.,"© 2026 Primetime Home Health Services, Inc. All rights reserved. |"
home-care-friendswood-texas.html,1,home health,ALLOWED,Legal-name or explicit service-distinction context.,"Home Care in Friendswood, TX | Primetime Home Health"
home-care-friendswood-texas.html,38,medical,ALLOWED,Explicit scope limitation or non-medical context.,Non-medical prompts that help eligible clients follow the medication schedule established by their healthcare provider.
home-care-friendswood-texas.html,57,home health,ALLOWED,Legal business name.,Primetime Home Health Services
home-care-friendswood-texas.html,69,home health,ALLOWED,Legal business name.,"© 2026 Primetime Home Health Services, Inc. All rights reserved. |"
home-care-houston-texas.html,1,home health,ALLOWED,Legal-name or explicit service-distinction context.,Home Care Houston Texas | Primetime Home Health
home-care-houston-texas.html,4,home health,ALLOWED,Legal business name.,"Are you or a loved one in need of compassionate and personalized home care services? Look no further! Primetime Home Health Services, Inc. is here to provide exceptional care tailored to your unique needs."
home-care-houston-texas.html,39,home health,ALLOWED,Legal business name.,Houston Home Care Services | Primetime Home Health Services
home-care-houston-texas.html,40,home health,ALLOWED,Legal business name.,"Primetime Home Health Services, Inc."
home-care-houston-texas.html,43,home health,ALLOWED,Legal business name.,"Primetime Home Health Services eliminates the barriers that prevent Houston families from accessing high-quality home care. We maintain a team of background-checked, trained caregivers who specialize in personal assistance, medication management, respite care, and dementia support. Our caregivers are CPR-certified and understand the unique needs of Houston’s diverse communities."
home-care-insurance.html,24,medical,ALLOWED,Explicit scope limitation or non-medical context.,"Non-medical personal assistance services for eligible children, adults and seniors throughout Greater Houston."
home-care-insurance.html,35,home health,ALLOWED,Legal business name.,"© 2026 Primetime Home Health Services, Inc. All rights reserved."
home-care-katy-texas.html,1,home health,ALLOWED,Legal-name or explicit service-distinction context.,Home Care Katy Texas | Primetime Home Health
home-care-katy-texas.html,4,home health,ALLOWED,Legal business name.,"Are you or a loved one in need of compassionate and personalized home care services? Look no further! Primetime Home Health Services, Inc. is here to provide exceptional care tailored to your unique needs."
home-care-katy-texas.html,39,home health,ALLOWED,Legal business name.,Katy Home Care Services | Primetime Home Health Services
home-care-katy-texas.html,40,home health,ALLOWED,Legal business name.,"Primetime Home Health Services, Inc."
home-care-katy-texas.html,43,home health,ALLOWED,Legal business name.,"Primetime Home Health Services eliminates the barriers that prevent Katy families from accessing high-quality home care. We maintain a team of background-checked, trained caregivers who specialize in personal assistance, medication management, respite care, and dementia support. Our caregivers are CPR-certified and understand the unique needs of Katy’s growing communities."
home-care-katy-texas.html,85,home health,ALLOWED,Legal business name.,"© Primetime Home Health Services, Inc. All Rights Reserved."
home-care-league-city-texas.html,1,home health,ALLOWED,Legal-name or explicit service-distinction context.,"Home Care in League City, TX | Primetime Home Health"
home-care-league-city-texas.html,38,medical,ALLOWED,Explicit scope limitation or non-medical context.,Non-medical prompts that help eligible clients follow the medication schedule established by their healthcare provider.
home-care-league-city-texas.html,57,home health,ALLOWED,Legal business name.,Primetime Home Health Services
home-care-league-city-texas.html,69,home health,ALLOWED,Legal business name.,"© 2026 Primetime Home Health Services, Inc. All rights reserved. |"
home-care-meet-our-staff/johnson-nwokorie.html,1,home health,ALLOWED,Legal-name or explicit service-distinction context.,Johnson Nwokorie | Primetime Home Health
home-care-meet-our-staff/johnson-nwokorie.html,13,home health,ALLOWED,Legal business name.,"Founder and Administrator of Primetime Home Health Services, with extensive experience helping lead home-care organizations in Houston."
home-care-meet-our-staff/johnson-nwokorie.html,17,home health,ALLOWED,Legal business name.,"Johnson Nwokorie leads Primetime Home Health Services as Administrator and founder. His professional background combines business administration, finance and substantial practical leadership in the home-care industry."
home-care-meet-our-staff/johnson-nwokorie.html,22,home health,ALLOWED,Legal business name.,About Primetime Home Health Services
home-care-meet-our-staff/johnson-nwokorie.html,23,medical,ALLOWED,Explicit scope limitation or non-medical context.,"Primetime provides non-medical personal assistance services to eligible children, adults and seniors throughout Greater Houston. The agency works with multiple Texas Medicaid managed-care programs and supports families with authorized attendant care, personal care, respite services and help with activities of daily living."
home-care-meet-our-staff.html,1,home health,ALLOWED,Legal-name or explicit service-distinction context.,"Attendant Care Services in Houston, | Primetime Home Health"
home-care-meet-our-staff.html,34,home health,ALLOWED,Legal business name.,"The Founder of Primetime Home Health Services, Inc."
home-care-meet-our-staff.html,36,home health,ALLOWED,Legal business name.,"the Administrator of Primetime Home Health Services, Inc., brings extensive experience in home health care administration. A graduate of Texas Southern University, Johnson holds both a Bachelor’s Degree in Business Administration and a Master’s in Business Administration, with a focus on finance. His career began with volunteering in diverse home care facilities, sparking a lifelong passion for improving the quality of care in the industry. Throughout his career, Johnson has been instrumental in"
home-care-meet-our-staff.html,43,home health,ALLOWED,Legal business name.,"Irasema Baron devotionally assists first-line managers in achieving their goals and also ensures that all teams within the office and field units are functioning well. She is proficient in Spanish and English and serves effectively to communicate the needs of non-English speaking clients and caregivers to the company while resolving them. Irasema graciously represents the Spanish and Asian-speaking community of Primetime Home Health Services, Inc. and navigates effective change in the company, l"
home-care-meet-our-staff.html,47,home health,ALLOWED,Legal business name.,"Assistant to Administrator at Primetime Home Health Services, Inc."
home-care-meet-our-staff.html,49,home health,ALLOWED,Legal business name.,"serves as the Assistant to Administrator at Primetime Home Health Services, Inc., bringing a robust background in public health and health informatics. Jeremy earned a Bachelor’s Degree in Public Health and a Master’s Degree in Health Informatics, both of which have equipped him with the knowledge and technical skills essential for driving operational excellence in home healthcare. Since joining the industry in 2016, Jeremy has been dedicated to leveraging innovative strategies and technology to"
home-care-missouri-city-texas.html,1,home health,ALLOWED,Legal-name or explicit service-distinction context.,"Home Care in Missouri City, TX | Primetime Home Health"
home-care-missouri-city-texas.html,38,medical,ALLOWED,Explicit scope limitation or non-medical context.,Non-medical prompts that help eligible clients follow the medication schedule established by their healthcare provider.
home-care-missouri-city-texas.html,57,home health,ALLOWED,Legal business name.,Primetime Home Health Services
home-care-missouri-city-texas.html,69,home health,ALLOWED,Legal business name.,"© 2026 Primetime Home Health Services, Inc. All rights reserved. |"
home-care-pasadena-texas.html,1,home health,ALLOWED,Legal-name or explicit service-distinction context.,"Home Care in Pasadena, TX | Primetime Home Health"
home-care-pasadena-texas.html,38,medical,ALLOWED,Explicit scope limitation or non-medical context.,Non-medical prompts that help eligible clients follow the medication schedule established by their healthcare provider.
home-care-pasadena-texas.html,57,home health,ALLOWED,Legal business name.,Primetime Home Health Services
home-care-pasadena-texas.html,69,home health,ALLOWED,Legal business name.,"© 2026 Primetime Home Health Services, Inc. All rights reserved. |"
home-care-pearland-texas.html,1,home health,ALLOWED,Legal-name or explicit service-distinction context.,Home Care Pearland Texas | Primetime Home Health
home-care-pearland-texas.html,4,home health,ALLOWED,Legal business name.,"Are you or a loved one in need of compassionate and personalized home care services? Look no further! Primetime Home Health Services, Inc. is here to provide exceptional care tailored to your unique needs."
home-care-pearland-texas.html,39,home health,ALLOWED,Legal business name.,Pearland Home Care Services | Primetime Home Health Services
home-care-pearland-texas.html,40,home health,ALLOWED,Legal business name.,"Primetime Home Health Services, Inc."
home-care-pearland-texas.html,43,home health,ALLOWED,Legal business name.,"Primetime Home Health Services eliminates the barriers that prevent Pearland families from accessing high-quality home care. We maintain a team of background-checked, trained caregivers who specialize in personal assistance, medication management, respite care, and dementia support. Our caregivers are CPR-certified and understand the unique needs of Pearland’s growing communities."
home-care-pearland-texas.html,85,home health,ALLOWED,Legal business name.,"© Primetime Home Health Services, Inc. All Rights Reserved."
home-care-resources.html,1,home health,ALLOWED,Legal-name or explicit service-distinction context.,Find information from the right source. | Primetime Home Health
home-care-resources.html,72,medical,ALLOWED,Explicit scope limitation or non-medical context.,"External links are provided for reference and do not imply affiliation, endorsement or eligibility for services. Information and program rules can change. For personal medical advice, contact a licensed healthcare professional."
home-care-resources.html,74,medical,ALLOWED,Explicit scope limitation or non-medical context.,Our Houston team can explain our non-medical services and help you identify the next step.
home-care-resources.html,77,medical,ALLOWED,Explicit scope limitation or non-medical context.,Compassionate non-medical personal assistance services for eligible families across Greater Houston.
home-care-resources.html,94,home health,ALLOWED,Legal business name.,"© Primetime Home Health Services, Inc. All rights reserved."
home-care-services/activities-of-daily-living-adl.html,1,home health,ALLOWED,Legal-name or explicit service-distinction context.,Activities of Daily Living (ADL) | Primetime Home Health
home-care-services/activities-of-daily-living-adl.html,18,medical,ALLOWED,Explicit scope limitation or non-medical context.,Non-Medical PAS Support
home-care-services/activities-of-daily-living-adl.html,22,medical,ALLOWED,Explicit scope limitation or non-medical context.,"Activities of Daily Living are the basic self-care tasks people complete each day. Aging, disability, illness or mobility limitations can make those routines harder. Primetime caregivers provide hands-on, non-medical assistance based on the client’s authorized care plan and individual needs."
home-care-services/activities-of-daily-living-adl.html,32,home health,ALLOWED,Legal business name.,"Primetime Home Health Services provides non-medical personal assistance services. Caregivers do not independently diagnose conditions, prescribe treatment, or administer medications."
home-care-services/activities-of-daily-living-adl.html,32,administer,ALLOWED,Explicit scope limitation or non-medical context.,"Primetime Home Health Services provides non-medical personal assistance services. Caregivers do not independently diagnose conditions, prescribe treatment, or administer medications."
home-care-services/activities-of-daily-living-adl.html,32,medical,ALLOWED,Explicit scope limitation or non-medical context.,"Primetime Home Health Services provides non-medical personal assistance services. Caregivers do not independently diagnose conditions, prescribe treatment, or administer medications."
home-care-services/activities-of-daily-living-adl.html,32,diagnose,ALLOWED,Explicit scope limitation or non-medical context.,"Primetime Home Health Services provides non-medical personal assistance services. Caregivers do not independently diagnose conditions, prescribe treatment, or administer medications."
home-care-services/activities-of-daily-living-adl.html,32,treatment,ALLOWED,Explicit scope limitation or non-medical context.,"Primetime Home Health Services provides non-medical personal assistance services. Caregivers do not independently diagnose conditions, prescribe treatment, or administer medications."
home-care-services/activities-of-daily-living-adl.html,50,medical,ALLOWED,Explicit scope limitation or non-medical context.,Compassionate non-medical personal assistance services for families across Greater Houston.
home-care-services/activities-of-daily-living-adl.html,60,home health,ALLOWED,Legal business name.,"© Primetime Home Health Services, Inc."
home-care-services/attendant-care-services/index.html,1,home health,ALLOWED,Legal-name or explicit service-distinction context.,"Attendant Care Services in Houston, TX | Primetime Home Health"
home-care-services/attendant-care-services/index.html,12,medical,ALLOWED,Explicit scope limitation or non-medical context.,Non-Medical Personal Assistance
home-care-services/attendant-care-services/index.html,22,medical,ALLOWED,Explicit scope limitation or non-medical context.,"The payer or program determines eligibility, covered tasks, and authorized hours. Primetime coordinates non-medical services after applicable requirements are in place."
home-care-services/attendant-care-services/index.html,23,nursing,ALLOWED,Explicit scope limitation or non-medical context.,"Attendants do not diagnose conditions or provide skilled nursing, medical treatment, therapy, wound care, or medication administration."
home-care-services/attendant-care-services/index.html,23,medical,ALLOWED,Explicit scope limitation or non-medical context.,"Attendants do not diagnose conditions or provide skilled nursing, medical treatment, therapy, wound care, or medication administration."
home-care-services/attendant-care-services/index.html,23,therapy,ALLOWED,Explicit scope limitation or non-medical context.,"Attendants do not diagnose conditions or provide skilled nursing, medical treatment, therapy, wound care, or medication administration."
home-care-services/attendant-care-services/index.html,23,diagnose,ALLOWED,Explicit scope limitation or non-medical context.,"Attendants do not diagnose conditions or provide skilled nursing, medical treatment, therapy, wound care, or medication administration."
home-care-services/attendant-care-services/index.html,23,treatment,ALLOWED,Explicit scope limitation or non-medical context.,"Attendants do not diagnose conditions or provide skilled nursing, medical treatment, therapy, wound care, or medication administration."
home-care-services/attendant-care-services/index.html,23,wound care,ALLOWED,Explicit scope limitation or non-medical context.,"Attendants do not diagnose conditions or provide skilled nursing, medical treatment, therapy, wound care, or medication administration."
home-care-services/attendant-care-services/index.html,30,medical,ALLOWED,Explicit scope limitation or non-medical context.,"Non-medical personal assistance services for eligible children, adults and seniors throughout Greater Houston."
home-care-services/attendant-care-services/index.html,41,home health,ALLOWED,Legal business name.,"© 2026 Primetime Home Health Services, Inc. All rights reserved."
home-care-services/medication-reminders.html,1,home health,ALLOWED,Legal-name or explicit service-distinction context.,"Medication Reminders in Houston, TX | Primetime Home Health"
home-care-services/medication-reminders.html,12,medical,ALLOWED,Explicit scope limitation or non-medical context.,Authorized Non-Medical Support
home-care-services/medication-reminders.html,19,administer,ALLOWED,Explicit scope limitation or non-medical context.,"Do not select, measure, prepare, or administer medication"
home-care-services/medication-reminders.html,27,medical,ALLOWED,Explicit scope limitation or non-medical context.,"The exact reminder task depends on the client’s program, service plan, and authorization. Contact Primetime to discuss non-medical personal assistance and the approved scope for a specific client."
home-care-services/medication-reminders.html,30,medical,ALLOWED,Explicit scope limitation or non-medical context.,"Non-medical personal assistance services for eligible children, adults and seniors throughout Greater Houston."
home-care-services/medication-reminders.html,41,home health,ALLOWED,Legal business name.,"© 2026 Primetime Home Health Services, Inc. All rights reserved."
home-care-services/personal-care.html,1,home health,ALLOWED,Legal-name or explicit service-distinction context.,"Personal Care in Houston, TX | Primetime Home Health"
home-care-services/personal-care.html,37,administer,ALLOWED,Scope FAQ question paired with a limiting answer on the same page.,Do caregivers administer medication?
home-care-services/personal-care.html,38,administer,ALLOWED,Explicit scope limitation or non-medical context.,"No. Primetime provides non-medical personal assistance. Medication reminders may be provided when permitted by the service plan, but caregivers do not independently administer medication."
home-care-services/personal-care.html,38,medical,ALLOWED,Explicit scope limitation or non-medical context.,"No. Primetime provides non-medical personal assistance. Medication reminders may be provided when permitted by the service plan, but caregivers do not independently administer medication."
home-care-services/personal-care.html,55,home health,ALLOWED,Legal business name.,"© Primetime Home Health Services, Inc."
home-care-services/respite-care/index.html,1,home health,ALLOWED,Legal-name or explicit service-distinction context.,"Respite Care in Houston, TX | Primetime Home Health"
home-care-services/respite-care/index.html,17,medical,ALLOWED,Explicit scope limitation or non-medical context.,Non-medical support
home-care-services/respite-care/index.html,18,nursing,ALLOWED,Explicit scope limitation or non-medical context.,"Respite attendants follow the authorized service plan. They do not provide skilled nursing, medical treatment, therapy, wound care, or medication administration."
home-care-services/respite-care/index.html,18,medical,ALLOWED,Explicit scope limitation or non-medical context.,"Respite attendants follow the authorized service plan. They do not provide skilled nursing, medical treatment, therapy, wound care, or medication administration."
home-care-services/respite-care/index.html,18,therapy,ALLOWED,Explicit scope limitation or non-medical context.,"Respite attendants follow the authorized service plan. They do not provide skilled nursing, medical treatment, therapy, wound care, or medication administration."
home-care-services/respite-care/index.html,18,treatment,ALLOWED,Explicit scope limitation or non-medical context.,"Respite attendants follow the authorized service plan. They do not provide skilled nursing, medical treatment, therapy, wound care, or medication administration."
home-care-services/respite-care/index.html,18,wound care,ALLOWED,Explicit scope limitation or non-medical context.,"Respite attendants follow the authorized service plan. They do not provide skilled nursing, medical treatment, therapy, wound care, or medication administration."
home-care-services/respite-care/index.html,24,medical,ALLOWED,Explicit scope limitation or non-medical context.,"Non-medical personal assistance services for eligible children, adults and seniors throughout Greater Houston."
home-care-services/respite-care/index.html,35,home health,ALLOWED,Legal business name.,"© 2026 Primetime Home Health Services, Inc. All rights reserved."
home-care-services-activities-of-daily-living-adl.html,1,home health,ALLOWED,Legal-name or explicit service-distinction context.,Activities of Daily Living (ADL) | Primetime Home Health
home-care-services-attendant-care-services.html,1,home health,ALLOWED,Legal-name or explicit service-distinction context.,Attendant Care Services | Primetime Home Health
home-care-services-attendant-care-services.html,12,medical,ALLOWED,Explicit scope limitation or non-medical context.,Non-Medical Personal Assistance
home-care-services-attendant-care-services.html,22,medical,ALLOWED,Explicit scope limitation or non-medical context.,"The payer or program determines eligibility, covered tasks, and authorized hours. Primetime coordinates non-medical services after applicable requirements are in place."
home-care-services-attendant-care-services.html,23,nursing,ALLOWED,Explicit scope limitation or non-medical context.,"Attendants do not diagnose conditions or provide skilled nursing, medical treatment, therapy, wound care, or medication administration."
home-care-services-attendant-care-services.html,23,medical,ALLOWED,Explicit scope limitation or non-medical context.,"Attendants do not diagnose conditions or provide skilled nursing, medical treatment, therapy, wound care, or medication administration."
home-care-services-attendant-care-services.html,23,therapy,ALLOWED,Explicit scope limitation or non-medical context.,"Attendants do not diagnose conditions or provide skilled nursing, medical treatment, therapy, wound care, or medication administration."
home-care-services-attendant-care-services.html,23,diagnose,ALLOWED,Explicit scope limitation or non-medical context.,"Attendants do not diagnose conditions or provide skilled nursing, medical treatment, therapy, wound care, or medication administration."
home-care-services-attendant-care-services.html,23,treatment,ALLOWED,Explicit scope limitation or non-medical context.,"Attendants do not diagnose conditions or provide skilled nursing, medical treatment, therapy, wound care, or medication administration."
home-care-services-attendant-care-services.html,23,wound care,ALLOWED,Explicit scope limitation or non-medical context.,"Attendants do not diagnose conditions or provide skilled nursing, medical treatment, therapy, wound care, or medication administration."
home-care-services-attendant-care-services.html,30,medical,ALLOWED,Explicit scope limitation or non-medical context.,"Non-medical personal assistance services for eligible children, adults and seniors throughout Greater Houston."
home-care-services-attendant-care-services.html,41,home health,ALLOWED,Legal business name.,"© 2026 Primetime Home Health Services, Inc. All rights reserved."
home-care-services-medication-reminders.html,1,home health,ALLOWED,Legal-name or explicit service-distinction context.,Medication Reminders | Primetime Home Health
home-care-services-medication-reminders.html,12,medical,ALLOWED,Explicit scope limitation or non-medical context.,Authorized Non-Medical Support
home-care-services-medication-reminders.html,19,administer,ALLOWED,Explicit scope limitation or non-medical context.,"Do not select, measure, prepare, or administer medication"
home-care-services-medication-reminders.html,27,medical,ALLOWED,Explicit scope limitation or non-medical context.,"The exact reminder task depends on the client’s program, service plan, and authorization. Contact Primetime to discuss non-medical personal assistance and the approved scope for a specific client."
home-care-services-medication-reminders.html,30,medical,ALLOWED,Explicit scope limitation or non-medical context.,"Non-medical personal assistance services for eligible children, adults and seniors throughout Greater Houston."
home-care-services-medication-reminders.html,41,home health,ALLOWED,Legal business name.,"© 2026 Primetime Home Health Services, Inc. All rights reserved."
home-care-services-personal-care.html,1,home health,ALLOWED,Legal-name or explicit service-distinction context.,Personal Care Services | Primetime Home Health
home-care-services-respite-care.html,1,home health,ALLOWED,Legal-name or explicit service-distinction context.,Respite Care | Primetime Home Health
home-care-services-respite-care.html,17,medical,ALLOWED,Explicit scope limitation or non-medical context.,Non-medical support
home-care-services-respite-care.html,18,nursing,ALLOWED,Explicit scope limitation or non-medical context.,"Respite attendants follow the authorized service plan. They do not provide skilled nursing, medical treatment, therapy, wound care, or medication administration."
home-care-services-respite-care.html,18,medical,ALLOWED,Explicit scope limitation or non-medical context.,"Respite attendants follow the authorized service plan. They do not provide skilled nursing, medical treatment, therapy, wound care, or medication administration."
home-care-services-respite-care.html,18,therapy,ALLOWED,Explicit scope limitation or non-medical context.,"Respite attendants follow the authorized service plan. They do not provide skilled nursing, medical treatment, therapy, wound care, or medication administration."
home-care-services-respite-care.html,18,treatment,ALLOWED,Explicit scope limitation or non-medical context.,"Respite attendants follow the authorized service plan. They do not provide skilled nursing, medical treatment, therapy, wound care, or medication administration."
home-care-services-respite-care.html,18,wound care,ALLOWED,Explicit scope limitation or non-medical context.,"Respite attendants follow the authorized service plan. They do not provide skilled nursing, medical treatment, therapy, wound care, or medication administration."
home-care-services-respite-care.html,24,medical,ALLOWED,Explicit scope limitation or non-medical context.,"Non-medical personal assistance services for eligible children, adults and seniors throughout Greater Houston."
home-care-services-respite-care.html,35,home health,ALLOWED,Legal business name.,"© 2026 Primetime Home Health Services, Inc. All rights reserved."
home-care-services.html,13,medical,ALLOWED,Explicit scope limitation or non-medical context.,Non-Medical Home Care
home-care-services.html,33,medical,ALLOWED,Explicit scope limitation or non-medical context.,Non-medical prompts to follow the medication schedule established by the client’s healthcare provider. Not medication administration.
home-care-services.html,49,nursing,ALLOWED,Explicit scope limitation or non-medical context.,"Primetime focuses on non-medical personal assistance. We do not provide skilled nursing, medical treatment or therapy through these services."
home-care-services.html,49,medical,ALLOWED,Explicit scope limitation or non-medical context.,"Primetime focuses on non-medical personal assistance. We do not provide skilled nursing, medical treatment or therapy through these services."
home-care-services.html,49,therapy,ALLOWED,Explicit scope limitation or non-medical context.,"Primetime focuses on non-medical personal assistance. We do not provide skilled nursing, medical treatment or therapy through these services."
home-care-services.html,49,treatment,ALLOWED,Explicit scope limitation or non-medical context.,"Primetime focuses on non-medical personal assistance. We do not provide skilled nursing, medical treatment or therapy through these services."
home-care-services.html,66,medical,ALLOWED,Explicit scope limitation or non-medical context.,Compassionate non-medical personal assistance services for eligible families across Greater Houston.
home-care-services.html,83,home health,ALLOWED,Legal business name.,"© Primetime Home Health Services, Inc. All rights reserved."
home-care-set-an-appointment.html,1,home health,ALLOWED,Legal-name or explicit service-distinction context.,"Children Health Plan in Houston, Texas | Primetime Home Health"
home-care-spring-texas.html,1,home health,ALLOWED,Legal-name or explicit service-distinction context.,Home Care Spring Texas | Primetime Home Health
home-care-spring-texas.html,4,home health,ALLOWED,Legal business name.,"Are you or a loved one in need of compassionate and personalized home care services? Look no further! Primetime Home Health Services, Inc. is here to provide exceptional care tailored to your unique needs."
home-care-spring-texas.html,39,home health,ALLOWED,Legal business name.,Spring Home Care Services | Primetime Home Health Services
home-care-spring-texas.html,40,home health,ALLOWED,Legal business name.,"Primetime Home Health Services, Inc."
home-care-spring-texas.html,43,home health,ALLOWED,Legal business name.,"Primetime Home Health Services eliminates the barriers that prevent Spring families from accessing high-quality home care. We maintain a team of background-checked, trained caregivers who specialize in personal assistance, medication management, respite care, and dementia support. Our caregivers are CPR-certified and understand the unique needs of Spring’s growing communities."
home-care-spring-texas.html,85,home health,ALLOWED,Legal business name.,"© Primetime Home Health Services, Inc. All Rights Reserved."
home-care-sugar-land-texas.html,1,home health,ALLOWED,Legal-name or explicit service-distinction context.,"Home Care in Sugar Land, TX | Primetime Home Health"
home-care-sugar-land-texas.html,38,medical,ALLOWED,Explicit scope limitation or non-medical context.,Non-medical prompts that help eligible clients follow the medication schedule established by their healthcare provider.
home-care-sugar-land-texas.html,57,home health,ALLOWED,Legal business name.,Primetime Home Health Services
home-care-sugar-land-texas.html,69,home health,ALLOWED,Legal business name.,"© 2026 Primetime Home Health Services, Inc. All rights reserved. |"
home-care-your-partner-in-aging-at-home.html,1,home health,QUARANTINED,Article is noindex and permanently redirected pending editorial review.,Home Care: Your Partner in Aging at Home | Primetime Home Health
home-care-your-partner-in-aging-at-home.html,36,home health,QUARANTINED,Article is noindex and permanently redirected pending editorial review.,"home health agency in Houston, Texas"
home-care-your-partner-in-aging-at-home.html,41,nursing,QUARANTINED,Article is noindex and permanently redirected pending editorial review.,Home nursing care in Texas
home-care-your-partner-in-aging-at-home.html,42,nurse,QUARANTINED,Article is noindex and permanently redirected pending editorial review.,"can provide the expertise required for individuals with more complex health needs. Nurses can assist with wound care, manage chronic conditions, and monitor health progress, all while offering compassionate, skilled care at home. This type of care supports aging in place by reducing the need for hospital visits and ensuring that health issues are closely managed."
home-care-your-partner-in-aging-at-home.html,42,wound care,QUARANTINED,Article is noindex and permanently redirected pending editorial review.,"can provide the expertise required for individuals with more complex health needs. Nurses can assist with wound care, manage chronic conditions, and monitor health progress, all while offering compassionate, skilled care at home. This type of care supports aging in place by reducing the need for hospital visits and ensuring that health issues are closely managed."
home-care-your-partner-in-aging-at-home.html,45,medical,QUARANTINED,Article is noindex and permanently redirected pending editorial review.,"services ensure that individuals have the continuous care they need, whether it’s help with daily activities or managing medical conditions. By offering a variety of care options, home care services help ensure that aging individuals can enjoy a higher quality of life while remaining at home."
home-care-your-partner-in-aging-at-home.html,48,home health,QUARANTINED,Article is noindex and permanently redirected pending editorial review.,"at Primetime Home Health Services, Inc. today to discuss how we can support you."
home-care-your-partner-in-aging-at-home.html,62,nursing,QUARANTINED,Article is noindex and permanently redirected pending editorial review.,Home Nursing Care: Key Services You Need
home-health-agency-in-houston-texas.html,1,home health,ALLOWED,Explicit scope limitation or non-medical context.,Non-Medical Home Care in Houston | Primetime Home Health
home-health-agency-in-houston-texas.html,1,medical,ALLOWED,Explicit scope limitation or non-medical context.,Non-Medical Home Care in Houston | Primetime Home Health
home-health-agency-in-houston-texas.html,11,medical,ALLOWED,Explicit scope limitation or non-medical context.,Non-Medical Home Care in Houston
home-health-agency-in-houston-texas.html,13,medical,ALLOWED,Explicit scope limitation or non-medical context.,Non-Medical Home Care in Houston
home-health-agency-in-houston-texas.html,15,medical,ALLOWED,Explicit scope limitation or non-medical context.,Our non-medical focus
home-health-agency-in-houston-texas.html,18,home health,ALLOWED,Legal-name or explicit service-distinction context.,Looking for clinical home health?
home-health-agency-in-houston-texas.html,19,home health,ALLOWED,Explicit scope limitation or non-medical context.,"Skilled home health is different from non-medical personal assistance. Primetime does not provide skilled nursing, medical treatment, or therapy through the services described on this website. Ask your physician or health plan for an appropriate licensed clinical provider."
home-health-agency-in-houston-texas.html,19,nursing,ALLOWED,Explicit scope limitation or non-medical context.,"Skilled home health is different from non-medical personal assistance. Primetime does not provide skilled nursing, medical treatment, or therapy through the services described on this website. Ask your physician or health plan for an appropriate licensed clinical provider."
home-health-agency-in-houston-texas.html,19,medical,ALLOWED,Explicit scope limitation or non-medical context.,"Skilled home health is different from non-medical personal assistance. Primetime does not provide skilled nursing, medical treatment, or therapy through the services described on this website. Ask your physician or health plan for an appropriate licensed clinical provider."
home-health-agency-in-houston-texas.html,19,therapy,ALLOWED,Explicit scope limitation or non-medical context.,"Skilled home health is different from non-medical personal assistance. Primetime does not provide skilled nursing, medical treatment, or therapy through the services described on this website. Ask your physician or health plan for an appropriate licensed clinical provider."
home-health-agency-in-houston-texas.html,19,treatment,ALLOWED,Explicit scope limitation or non-medical context.,"Skilled home health is different from non-medical personal assistance. Primetime does not provide skilled nursing, medical treatment, or therapy through the services described on this website. Ask your physician or health plan for an appropriate licensed clinical provider."
home-health-agency-in-houston-texas.html,24,medical,ALLOWED,Explicit scope limitation or non-medical context.,"Non-medical personal assistance services for eligible children, adults and seniors throughout Greater Houston."
home-health-agency-in-houston-texas.html,35,home health,ALLOWED,Legal business name.,"© 2026 Primetime Home Health Services, Inc. All rights reserved."
home-nursing-care-key-services-you-need.html,1,home health,QUARANTINED,Article is noindex and permanently redirected pending editorial review.,Home Nursing Care: Key Services You Need | Primetime Home Health
home-nursing-care-key-services-you-need.html,1,nursing,QUARANTINED,Article is noindex and permanently redirected pending editorial review.,Home Nursing Care: Key Services You Need | Primetime Home Health
home-nursing-care-key-services-you-need.html,28,nursing,QUARANTINED,Article is noindex and permanently redirected pending editorial review.,Home Nursing Care: Key Services You Need
home-nursing-care-key-services-you-need.html,29,nursing,QUARANTINED,Article is noindex and permanently redirected pending editorial review.,Home Nursing Care: Key Services You Need
home-nursing-care-key-services-you-need.html,34,nursing,QUARANTINED,Article is noindex and permanently redirected pending editorial review.,"Home nursing care is vital for individuals who require medical attention at home. Skilled nurses are trained to provide various services, such as administering medications, monitoring health conditions, and providing wound care."
home-nursing-care-key-services-you-need.html,34,nurse,QUARANTINED,Article is noindex and permanently redirected pending editorial review.,"Home nursing care is vital for individuals who require medical attention at home. Skilled nurses are trained to provide various services, such as administering medications, monitoring health conditions, and providing wound care."
home-nursing-care-key-services-you-need.html,34,administer,QUARANTINED,Article is noindex and permanently redirected pending editorial review.,"Home nursing care is vital for individuals who require medical attention at home. Skilled nurses are trained to provide various services, such as administering medications, monitoring health conditions, and providing wound care."
home-nursing-care-key-services-you-need.html,34,medical,QUARANTINED,Article is noindex and permanently redirected pending editorial review.,"Home nursing care is vital for individuals who require medical attention at home. Skilled nurses are trained to provide various services, such as administering medications, monitoring health conditions, and providing wound care."
home-nursing-care-key-services-you-need.html,34,wound care,QUARANTINED,Article is noindex and permanently redirected pending editorial review.,"Home nursing care is vital for individuals who require medical attention at home. Skilled nurses are trained to provide various services, such as administering medications, monitoring health conditions, and providing wound care."
home-nursing-care-key-services-you-need.html,36,nursing,QUARANTINED,Article is noindex and permanently redirected pending editorial review.,home nursing care in Texas
home-nursing-care-key-services-you-need.html,40,home health,QUARANTINED,Article is noindex and permanently redirected pending editorial review.,"home health agency in Houston, Texas"
home-nursing-care-key-services-you-need.html,41,medical,QUARANTINED,Article is noindex and permanently redirected pending editorial review.,"is essential. A reputable agency ensures that healthcare professionals are well-trained and experienced in managing diverse medical conditions. The goal is to deliver high-quality, compassionate care that allows patients to heal and maintain their health in familiar surroundings. Choosing a quality agency ensures peace of mind for both patients and families."
home-nursing-care-key-services-you-need.html,46,nursing,QUARANTINED,Article is noindex and permanently redirected pending editorial review.,while receiving necessary assistance. This is particularly helpful for seniors or individuals recovering from illness who may not require full-time nursing care but still need support in managing everyday tasks.
home-nursing-care-key-services-you-need.html,51,home health,QUARANTINED,Article is noindex and permanently redirected pending editorial review.,"Primetime Home Health Services, Inc."
home-nursing-care-key-services-you-need.html,54,medical,QUARANTINED,Article is noindex and permanently redirected pending editorial review.,"Blogs, content and other media uploaded online are for informational purposes only. Contents on this website should not be considered medical advice. Readers are strongly encouraged to visit their physician for health-related issues."
home-nursing-care-key-services-you-need.html,56,nursing,QUARANTINED,Article is noindex and permanently redirected pending editorial review.,Nursing Care Benefits
how-geriatric-care-improves-life-quality.html,1,home health,QUARANTINED,Article is noindex and permanently redirected pending editorial review.,How Geriatric Care Improves Life Quality | Primetime Home Health
how-geriatric-care-improves-life-quality.html,36,home health,QUARANTINED,Article is noindex and permanently redirected pending editorial review.,"home health agency in Houston, Texas"
how-geriatric-care-improves-life-quality.html,38,medical,QUARANTINED,Article is noindex and permanently redirected pending editorial review.,", addressing everything from daily assistance to medical support. With dedicated caregivers, seniors receive the attention they need to stay safe and independent at home."
how-geriatric-care-improves-life-quality.html,44,medical,QUARANTINED,Article is noindex and permanently redirected pending editorial review.,"For seniors who require more medical attention,"
how-geriatric-care-improves-life-quality.html,45,nursing,QUARANTINED,Article is noindex and permanently redirected pending editorial review.,home nursing care in Texas
how-geriatric-care-improves-life-quality.html,46,nursing,QUARANTINED,Article is noindex and permanently redirected pending editorial review.,"offers skilled assistance from trained professionals. From monitoring vital signs to post-surgery recovery support, nursing care ensures that seniors can manage health conditions without frequent hospital visits. This approach not only brings comfort to seniors but also provides peace of mind for their families, knowing that their loved ones are receiving attentive, high-quality care."
how-geriatric-care-improves-life-quality.html,52,home health,QUARANTINED,Article is noindex and permanently redirected pending editorial review.,"to Primetime Home Health Services, Inc. today to explore how our services can support a fulfilling, independent lifestyle for seniors."
index.html,1,medical,ALLOWED,Explicit scope limitation or non-medical context.,Non-Medical Home Care Houston | Primetime
index.html,11,medical,ALLOWED,Explicit scope limitation or non-medical context.,"Compassionate, non-medical in-home support for eligible seniors, adults and children throughout Greater Houston—delivered by a local Houston team focused on dignity, consistency, and clear communication."
index.html,19,medical,ALLOWED,Explicit scope limitation or non-medical context.,Non-Medical PAS Support
index.html,39,medical,ALLOWED,Explicit scope limitation or non-medical context.,Non-medical prompts that help eligible clients follow the medication schedule established by their healthcare provider.
index.html,93,home health,ALLOWED,Legal business name.,"Primetime Home Health Services is a long-standing Houston agency serving local families. Our focus is straightforward: dependable personal assistance, respectful caregivers and a local team families can reach when they need help navigating care."
index.html,104,home health,ALLOWED,Legal-name or explicit service-distinction context.,What is the difference between home care and home health care?
index.html,105,home health,ALLOWED,Explicit scope limitation or non-medical context.,"Home care generally refers to non-medical support with everyday routines, while skilled home health services involve clinical care provided by licensed healthcare professionals. Primetime focuses on non-medical personal assistance services."
index.html,105,medical,ALLOWED,Explicit scope limitation or non-medical context.,"Home care generally refers to non-medical support with everyday routines, while skilled home health services involve clinical care provided by licensed healthcare professionals. Primetime focuses on non-medical personal assistance services."
index.html,120,home health,ALLOWED,Legal business name.,Primetime Home Health Services
index.html,126,medical,ALLOWED,Explicit scope limitation or non-medical context.,Compassionate non-medical personal assistance services for eligible families across Greater Houston.
index.html,140,home health,ALLOWED,Legal business name.,"© Primetime Home Health Services, Inc. All rights reserved."
locations/alief.html,1,home health,ALLOWED,Legal-name or explicit service-distinction context.,"Home Care in Alief, TX | Primetime Home Health"
locations/alief.html,10,medical,ALLOWED,Explicit scope limitation or non-medical context.,"Dependable non-medical support for eligible Alief families who need help with daily routines, personal care, attendant services or caregiver relief at home."
locations/alief.html,14,medical,ALLOWED,Explicit scope limitation or non-medical context.,"Alief is one of Houston’s most diverse communities, with multigenerational households and families balancing work, school, medical appointments and caregiving responsibilities. Primetime provides authorized, non-medical personal assistance that can make day-to-day care more manageable while helping clients remain at home."
locations/alief.html,21,medical,ALLOWED,Explicit scope limitation or non-medical context.,Non-medical medication reminders when authorized
locations/alief.html,30,nursing,ALLOWED,Explicit scope limitation or non-medical context.,Primetime provides non-medical personal assistance services rather than skilled nursing services.
locations/alief.html,30,medical,ALLOWED,Explicit scope limitation or non-medical context.,Primetime provides non-medical personal assistance services rather than skilled nursing services.
locations/alvin.html,1,home health,ALLOWED,Legal-name or explicit service-distinction context.,"Home Care in Alvin, TX | Primetime Home Health"
locations/alvin.html,11,medical,ALLOWED,Explicit scope limitation or non-medical context.,"Local, non-medical support for eligible children, adults and seniors in Alvin and Brazoria County."
locations/alvin.html,15,home health,ALLOWED,Legal business name.,"Primetime Home Health Services is a long-standing local agency serving Greater Houston families, including Alvin,. Our focus is non-medical personal assistance services that help eligible clients complete daily routines safely in their own homes."
locations/alvin.html,15,medical,ALLOWED,Explicit scope limitation or non-medical context.,"Primetime Home Health Services is a long-standing local agency serving Greater Houston families, including Alvin,. Our focus is non-medical personal assistance services that help eligible clients complete daily routines safely in their own homes."
locations/alvin.html,23,medical,ALLOWED,Explicit scope limitation or non-medical context.,Alvin families can connect with Brazoria County Area Agency on Aging and local community programs. Primetime provides the non-medical PAS layer that complements clinical care available at nearby hospitals.
locations/angleton.html,1,home health,ALLOWED,Legal-name or explicit service-distinction context.,"Home Care in Angleton, TX | Primetime Home Health"
locations/angleton.html,11,medical,ALLOWED,Explicit scope limitation or non-medical context.,"Local, non-medical support for eligible children, adults and seniors in Angleton and Brazoria County."
locations/angleton.html,15,home health,ALLOWED,Legal business name.,"Primetime Home Health Services is a long-standing local agency serving Greater Houston families, including Angleton,. Our focus is non-medical personal assistance services that help eligible clients complete daily routines safely in their own homes."
locations/angleton.html,15,medical,ALLOWED,Explicit scope limitation or non-medical context.,"Primetime Home Health Services is a long-standing local agency serving Greater Houston families, including Angleton,. Our focus is non-medical personal assistance services that help eligible clients complete daily routines safely in their own homes."
locations/angleton.html,23,medical,ALLOWED,Explicit scope limitation or non-medical context.,Angleton families can connect with Brazoria County Area Agency on Aging and local community programs. Primetime provides the non-medical PAS layer that complements clinical care available at nearby hospitals.
locations/baytown.html,1,home health,ALLOWED,Legal-name or explicit service-distinction context.,"Home Care in Baytown, TX | Primetime Home Health"
locations/baytown.html,11,medical,ALLOWED,Explicit scope limitation or non-medical context.,"Local, non-medical support for eligible children, adults and seniors in Baytown and eastern Harris County who want to remain comfortable at home."
locations/baytown.html,15,home health,ALLOWED,Legal business name.,"Primetime Home Health Services is a long-standing local agency serving Greater Houston families, including Baytown,. Our focus is non-medical personal assistance services that help eligible clients complete daily routines safely in their own homes."
locations/baytown.html,15,medical,ALLOWED,Explicit scope limitation or non-medical context.,"Primetime Home Health Services is a long-standing local agency serving Greater Houston families, including Baytown,. Our focus is non-medical personal assistance services that help eligible clients complete daily routines safely in their own homes."
locations/baytown.html,26,medical,ALLOWED,Explicit scope limitation or non-medical context.,"Baytown families can connect with the City of Baytown Community Services, Harris County Area Agency on Aging, and local senior programs. Baytown is served by Houston Methodist Baytown Hospital and HCA Houston Healthcare Baytown for medical needs; Primetime provides the non-medical PAS layer that complements clinical care."
locations/brazoria-county.html,1,home health,ALLOWED,Legal-name or explicit service-distinction context.,"Home Care in Brazoria County, TX | Primetime Home Health"
locations/brazoria-county.html,11,medical,ALLOWED,Explicit scope limitation or non-medical context.,"Non-medical personal assistance services for eligible children, adults and seniors across Brazoria County who want to remain comfortable at home."
locations/brazoria-county.html,15,home health,ALLOWED,Legal business name.,Primetime Home Health Services is a long-standing local agency serving Brazoria County families. Our focus is non-medical personal assistance services (PAS) that help eligible clients complete daily routines safely in their own homes subject to the applicable program and authorization.
locations/brazoria-county.html,15,medical,ALLOWED,Explicit scope limitation or non-medical context.,Primetime Home Health Services is a long-standing local agency serving Brazoria County families. Our focus is non-medical personal assistance services (PAS) that help eligible clients complete daily routines safely in their own homes subject to the applicable program and authorization.
locations/brookshire.html,1,home health,ALLOWED,Legal-name or explicit service-distinction context.,"Home Care in Brookshire, TX | Primetime Home Health"
locations/brookshire.html,11,medical,ALLOWED,Explicit scope limitation or non-medical context.,"Local, non-medical support for eligible children, adults and seniors in Brookshire and Waller County."
locations/brookshire.html,15,home health,ALLOWED,Legal business name.,"Primetime Home Health Services is a long-standing local agency serving Greater Houston families, including Brookshire,. Our focus is non-medical personal assistance services that help eligible clients complete daily routines safely in their own homes."
locations/brookshire.html,15,medical,ALLOWED,Explicit scope limitation or non-medical context.,"Primetime Home Health Services is a long-standing local agency serving Greater Houston families, including Brookshire,. Our focus is non-medical personal assistance services that help eligible clients complete daily routines safely in their own homes."
locations/brookshire.html,23,medical,ALLOWED,Explicit scope limitation or non-medical context.,Brookshire families can connect with Waller County Area Agency on Aging and local community programs. Primetime provides the non-medical PAS layer that complements clinical care available at nearby hospitals.
locations/chambers-county.html,1,home health,ALLOWED,Legal-name or explicit service-distinction context.,"Home Care in Chambers County, TX | Primetime Home Health"
locations/chambers-county.html,11,medical,ALLOWED,Explicit scope limitation or non-medical context.,"Non-medical personal assistance services for eligible children, adults and seniors across Chambers County who want to remain comfortable at home."
locations/chambers-county.html,15,home health,ALLOWED,Legal business name.,Primetime Home Health Services is a long-standing local agency serving Chambers County families. Our focus is non-medical personal assistance services (PAS) that help eligible clients complete daily routines safely in their own homes subject to the applicable program and authorization.
locations/chambers-county.html,15,medical,ALLOWED,Explicit scope limitation or non-medical context.,Primetime Home Health Services is a long-standing local agency serving Chambers County families. Our focus is non-medical personal assistance services (PAS) that help eligible clients complete daily routines safely in their own homes subject to the applicable program and authorization.
locations/channelview.html,1,home health,ALLOWED,Legal-name or explicit service-distinction context.,"Home Care in Channelview, TX | Primetime Home Health"
locations/channelview.html,11,medical,ALLOWED,Explicit scope limitation or non-medical context.,"Local, non-medical support for eligible children, adults and seniors in Channelview and eastern Harris County."
locations/channelview.html,15,home health,ALLOWED,Legal business name.,"Primetime Home Health Services is a long-standing local agency serving Greater Houston families, including Channelview,. Our focus is non-medical personal assistance services that help eligible clients complete daily routines safely in their own homes."
locations/channelview.html,15,medical,ALLOWED,Explicit scope limitation or non-medical context.,"Primetime Home Health Services is a long-standing local agency serving Greater Houston families, including Channelview,. Our focus is non-medical personal assistance services that help eligible clients complete daily routines safely in their own homes."
locations/channelview.html,23,medical,ALLOWED,Explicit scope limitation or non-medical context.,Channelview families can connect with Harris County Area Agency on Aging and local community programs. Primetime provides the non-medical PAS layer that complements clinical care available at nearby hospitals.
locations/clear-lake.html,1,home health,ALLOWED,Legal-name or explicit service-distinction context.,"Home Care in Clear Lake, TX | Primetime Home Health"
locations/clear-lake.html,11,medical,ALLOWED,Explicit scope limitation or non-medical context.,"Local, non-medical support for eligible children, adults and seniors in Clear Lake and southeast Harris County."
locations/clear-lake.html,15,home health,ALLOWED,Legal business name.,"Primetime Home Health Services is a long-standing local agency serving Greater Houston families, including Clear Lake,. Our focus is non-medical personal assistance services that help eligible clients complete daily routines safely in their own homes."
locations/clear-lake.html,15,medical,ALLOWED,Explicit scope limitation or non-medical context.,"Primetime Home Health Services is a long-standing local agency serving Greater Houston families, including Clear Lake,. Our focus is non-medical personal assistance services that help eligible clients complete daily routines safely in their own homes."
locations/clear-lake.html,23,medical,ALLOWED,Explicit scope limitation or non-medical context.,Clear Lake families can connect with Harris County Area Agency on Aging and local community programs. Primetime provides the non-medical PAS layer that complements clinical care available at nearby hospitals including HCA Houston Healthcare Clear Lake.
locations/cleveland.html,1,home health,ALLOWED,Legal-name or explicit service-distinction context.,"Home Care in Cleveland, TX | Primetime Home Health"
locations/cleveland.html,11,medical,ALLOWED,Explicit scope limitation or non-medical context.,"Local, non-medical support for eligible children, adults and seniors in Cleveland and Liberty County."
locations/cleveland.html,15,home health,ALLOWED,Legal business name.,"Primetime Home Health Services is a long-standing local agency serving Greater Houston families, including Cleveland,. Our focus is non-medical personal assistance services that help eligible clients complete daily routines safely in their own homes."
locations/cleveland.html,15,medical,ALLOWED,Explicit scope limitation or non-medical context.,"Primetime Home Health Services is a long-standing local agency serving Greater Houston families, including Cleveland,. Our focus is non-medical personal assistance services that help eligible clients complete daily routines safely in their own homes."
locations/cleveland.html,23,medical,ALLOWED,Explicit scope limitation or non-medical context.,Cleveland families can connect with Liberty County Area Agency on Aging and local community programs. Primetime provides the non-medical PAS layer that complements clinical care available at nearby hospitals.
locations/clute.html,1,home health,ALLOWED,Legal-name or explicit service-distinction context.,"Home Care in Clute, TX | Primetime Home Health"
locations/clute.html,11,medical,ALLOWED,Explicit scope limitation or non-medical context.,"Local, non-medical support for eligible children, adults and seniors in Clute and Brazoria County."
locations/clute.html,15,home health,ALLOWED,Legal business name.,"Primetime Home Health Services is a long-standing local agency serving Greater Houston families, including Clute,. Our focus is non-medical personal assistance services that help eligible clients complete daily routines safely in their own homes."
locations/clute.html,15,medical,ALLOWED,Explicit scope limitation or non-medical context.,"Primetime Home Health Services is a long-standing local agency serving Greater Houston families, including Clute,. Our focus is non-medical personal assistance services that help eligible clients complete daily routines safely in their own homes."
locations/clute.html,23,medical,ALLOWED,Explicit scope limitation or non-medical context.,Clute families can connect with Brazoria County Area Agency on Aging and local community programs. Primetime provides the non-medical PAS layer that complements clinical care available at nearby hospitals.
locations/conroe.html,1,home health,ALLOWED,Legal-name or explicit service-distinction context.,"Home Care in Conroe, TX | Primetime Home Health"
locations/conroe.html,11,medical,ALLOWED,Explicit scope limitation or non-medical context.,"Local, non-medical support for eligible children, adults and seniors in Conroe and Montgomery County who want to remain comfortable at home."
locations/conroe.html,15,home health,ALLOWED,Legal business name.,"Primetime Home Health Services is a long-standing local agency serving Greater Houston families, including Conroe,. Our focus is non-medical personal assistance services that help eligible clients complete daily routines safely in their own homes."
locations/conroe.html,15,medical,ALLOWED,Explicit scope limitation or non-medical context.,"Primetime Home Health Services is a long-standing local agency serving Greater Houston families, including Conroe,. Our focus is non-medical personal assistance services that help eligible clients complete daily routines safely in their own homes."
locations/conroe.html,26,medical,ALLOWED,Explicit scope limitation or non-medical context.,"Conroe families can connect with Montgomery County Area Agency on Aging, Montgomery County Courthouse resources, and local senior programs. Conroe is served by Conroe Regional Medical Center and HCA Houston Healthcare Conroe for medical needs; Primetime provides the non-medical PAS layer that complements clinical care."
locations/cypress.html,1,home health,ALLOWED,Legal-name or explicit service-distinction context.,"Home Care in Cypress, TX | Primetime Home Health"
locations/cypress.html,11,medical,ALLOWED,Explicit scope limitation or non-medical context.,"Local, non-medical support for eligible children, adults and seniors in Cypress and northwest Harris County who want to remain comfortable at home."
locations/cypress.html,15,home health,ALLOWED,Legal business name.,"Primetime Home Health Services is a long-standing local agency serving Greater Houston families, including Cypress,. Our focus is non-medical personal assistance services that help eligible clients complete daily routines safely in their own homes."
locations/cypress.html,15,medical,ALLOWED,Explicit scope limitation or non-medical context.,"Primetime Home Health Services is a long-standing local agency serving Greater Houston families, including Cypress,. Our focus is non-medical personal assistance services that help eligible clients complete daily routines safely in their own homes."
locations/cypress.html,26,medical,ALLOWED,Explicit scope limitation or non-medical context.,"Cypress families can connect with Harris County Area Agency on Aging, local community centers, and senior programs. Cypress is served by Houston Methodist Willowbrook and HCA Houston Healthcare Northwest for medical needs; Primetime provides the non-medical PAS layer that complements clinical care."
locations/dayton.html,1,home health,ALLOWED,Legal-name or explicit service-distinction context.,"Home Care in Dayton, TX | Primetime Home Health"
locations/dayton.html,11,medical,ALLOWED,Explicit scope limitation or non-medical context.,"Local, non-medical support for eligible children, adults and seniors in Dayton and Liberty County."
locations/dayton.html,15,home health,ALLOWED,Legal business name.,"Primetime Home Health Services is a long-standing local agency serving Greater Houston families, including Dayton,. Our focus is non-medical personal assistance services that help eligible clients complete daily routines safely in their own homes."
locations/dayton.html,15,medical,ALLOWED,Explicit scope limitation or non-medical context.,"Primetime Home Health Services is a long-standing local agency serving Greater Houston families, including Dayton,. Our focus is non-medical personal assistance services that help eligible clients complete daily routines safely in their own homes."
locations/dayton.html,23,medical,ALLOWED,Explicit scope limitation or non-medical context.,Dayton families can connect with Liberty County Area Agency on Aging and local community programs. Primetime provides the non-medical PAS layer that complements clinical care available at nearby hospitals.
locations/deer-park.html,1,home health,ALLOWED,Legal-name or explicit service-distinction context.,"Home Care in Deer Park, TX | Primetime Home Health"
locations/deer-park.html,11,medical,ALLOWED,Explicit scope limitation or non-medical context.,"Local, non-medical support for eligible children, adults and seniors in Deer Park and southeast Harris County."
locations/deer-park.html,15,home health,ALLOWED,Legal business name.,"Primetime Home Health Services is a long-standing local agency serving Greater Houston families, including Deer Park,. Our focus is non-medical personal assistance services that help eligible clients complete daily routines safely in their own homes."
locations/deer-park.html,15,medical,ALLOWED,Explicit scope limitation or non-medical context.,"Primetime Home Health Services is a long-standing local agency serving Greater Houston families, including Deer Park,. Our focus is non-medical personal assistance services that help eligible clients complete daily routines safely in their own homes."
locations/deer-park.html,23,medical,ALLOWED,Explicit scope limitation or non-medical context.,Deer Park families can connect with Harris County Area Agency on Aging and local community programs. Primetime provides the non-medical PAS layer that complements clinical care available at nearby hospitals.
locations/dickinson.html,1,home health,ALLOWED,Legal-name or explicit service-distinction context.,"Home Care in Dickinson, TX | Primetime Home Health"
locations/dickinson.html,11,medical,ALLOWED,Explicit scope limitation or non-medical context.,"Local, non-medical support for eligible children, adults and seniors in Dickinson and Galveston County."
locations/dickinson.html,15,home health,ALLOWED,Legal business name.,"Primetime Home Health Services is a long-standing local agency serving Greater Houston families, including Dickinson,. Our focus is non-medical personal assistance services that help eligible clients complete daily routines safely in their own homes."
locations/dickinson.html,15,medical,ALLOWED,Explicit scope limitation or non-medical context.,"Primetime Home Health Services is a long-standing local agency serving Greater Houston families, including Dickinson,. Our focus is non-medical personal assistance services that help eligible clients complete daily routines safely in their own homes."
locations/dickinson.html,23,medical,ALLOWED,Explicit scope limitation or non-medical context.,Dickinson families can connect with Galveston County Area Agency on Aging and local community programs. Primetime provides the non-medical PAS layer that complements clinical care available at nearby hospitals.
locations/fort-bend-county.html,1,home health,ALLOWED,Legal-name or explicit service-distinction context.,"Home Care in Fort Bend County, TX | Primetime Home Health"
locations/fort-bend-county.html,11,medical,ALLOWED,Explicit scope limitation or non-medical context.,"Non-medical personal assistance services for eligible children, adults and seniors across Fort Bend County who want to remain comfortable at home."
locations/fort-bend-county.html,15,home health,ALLOWED,Legal business name.,Primetime Home Health Services is a long-standing local agency serving Fort Bend County families. Our focus is non-medical personal assistance services (PAS) that help eligible clients complete daily routines safely in their own homes subject to the applicable program and authorization.
locations/fort-bend-county.html,15,medical,ALLOWED,Explicit scope limitation or non-medical context.,Primetime Home Health Services is a long-standing local agency serving Fort Bend County families. Our focus is non-medical personal assistance services (PAS) that help eligible clients complete daily routines safely in their own homes subject to the applicable program and authorization.
locations/freeport.html,1,home health,ALLOWED,Legal-name or explicit service-distinction context.,"Home Care in Freeport, TX | Primetime Home Health"
locations/freeport.html,11,medical,ALLOWED,Explicit scope limitation or non-medical context.,"Local, non-medical support for eligible children, adults and seniors in Freeport and Brazoria County."
locations/freeport.html,15,home health,ALLOWED,Legal business name.,"Primetime Home Health Services is a long-standing local agency serving Greater Houston families, including Freeport,. Our focus is non-medical personal assistance services that help eligible clients complete daily routines safely in their own homes."
locations/freeport.html,15,medical,ALLOWED,Explicit scope limitation or non-medical context.,"Primetime Home Health Services is a long-standing local agency serving Greater Houston families, including Freeport,. Our focus is non-medical personal assistance services that help eligible clients complete daily routines safely in their own homes."
locations/freeport.html,23,medical,ALLOWED,Explicit scope limitation or non-medical context.,Freeport families can connect with Brazoria County Area Agency on Aging and local community programs. Primetime provides the non-medical PAS layer that complements clinical care available at nearby hospitals.
locations/fresno.html,1,home health,ALLOWED,Legal-name or explicit service-distinction context.,"Home Care in Fresno, TX | Primetime Home Health"
locations/fresno.html,11,medical,ALLOWED,Explicit scope limitation or non-medical context.,"Local, non-medical support for eligible children, adults and seniors in Fresno and Fort Bend County."
locations/fresno.html,15,home health,ALLOWED,Legal business name.,"Primetime Home Health Services is a long-standing local agency serving Greater Houston families, including Fresno,. Our focus is non-medical personal assistance services that help eligible clients complete daily routines safely in their own homes."
locations/fresno.html,15,medical,ALLOWED,Explicit scope limitation or non-medical context.,"Primetime Home Health Services is a long-standing local agency serving Greater Houston families, including Fresno,. Our focus is non-medical personal assistance services that help eligible clients complete daily routines safely in their own homes."
locations/fresno.html,23,medical,ALLOWED,Explicit scope limitation or non-medical context.,Fresno families can connect with Fort Bend County Area Agency on Aging and local community programs. Primetime provides the non-medical PAS layer that complements clinical care available at nearby hospitals.
locations/fulshear.html,1,home health,ALLOWED,Legal-name or explicit service-distinction context.,"Home Care in Fulshear, TX | Primetime Home Health"
locations/fulshear.html,11,medical,ALLOWED,Explicit scope limitation or non-medical context.,"Local, non-medical support for eligible children, adults and seniors in Fulshear and Fort Bend County."
locations/fulshear.html,15,home health,ALLOWED,Legal business name.,"Primetime Home Health Services is a long-standing local agency serving Greater Houston families, including Fulshear,. Our focus is non-medical personal assistance services that help eligible clients complete daily routines safely in their own homes."
locations/fulshear.html,15,medical,ALLOWED,Explicit scope limitation or non-medical context.,"Primetime Home Health Services is a long-standing local agency serving Greater Houston families, including Fulshear,. Our focus is non-medical personal assistance services that help eligible clients complete daily routines safely in their own homes."
locations/fulshear.html,23,medical,ALLOWED,Explicit scope limitation or non-medical context.,Fulshear families can connect with Fort Bend County Area Agency on Aging and local community programs. Primetime provides the non-medical PAS layer that complements clinical care available at nearby hospitals.
locations/galveston-county.html,1,home health,ALLOWED,Legal-name or explicit service-distinction context.,"Home Care in Galveston County, TX | Primetime Home Health"
locations/galveston-county.html,11,medical,ALLOWED,Explicit scope limitation or non-medical context.,"Non-medical personal assistance services for eligible children, adults and seniors across Galveston County who want to remain comfortable at home."
locations/galveston-county.html,15,home health,ALLOWED,Legal business name.,Primetime Home Health Services is a long-standing local agency serving Galveston County families. Our focus is non-medical personal assistance services (PAS) that help eligible clients complete daily routines safely in their own homes subject to the applicable program and authorization.
locations/galveston-county.html,15,medical,ALLOWED,Explicit scope limitation or non-medical context.,Primetime Home Health Services is a long-standing local agency serving Galveston County families. Our focus is non-medical personal assistance services (PAS) that help eligible clients complete daily routines safely in their own homes subject to the applicable program and authorization.
locations/galveston.html,1,home health,ALLOWED,Legal-name or explicit service-distinction context.,"Home Care in Galveston, TX | Primetime Home Health"
locations/galveston.html,11,medical,ALLOWED,Explicit scope limitation or non-medical context.,"Local, non-medical support for eligible children, adults and seniors in Galveston and Galveston County."
locations/galveston.html,15,home health,ALLOWED,Legal business name.,"Primetime Home Health Services is a long-standing local agency serving Greater Houston families, including Galveston,. Our focus is non-medical personal assistance services that help eligible clients complete daily routines safely in their own homes."
locations/galveston.html,15,medical,ALLOWED,Explicit scope limitation or non-medical context.,"Primetime Home Health Services is a long-standing local agency serving Greater Houston families, including Galveston,. Our focus is non-medical personal assistance services that help eligible clients complete daily routines safely in their own homes."
locations/galveston.html,23,medical,ALLOWED,Explicit scope limitation or non-medical context.,Galveston families can connect with Galveston County Area Agency on Aging and local community programs. Primetime provides the non-medical PAS layer that complements clinical care available at nearby hospitals including UTMB Health.
locations/gulfton.html,1,home health,ALLOWED,Legal-name or explicit service-distinction context.,"Home Care in Gulfton, TX | Primetime Home Health"
locations/gulfton.html,10,medical,ALLOWED,Explicit scope limitation or non-medical context.,"Compassionate non-medical support for eligible Gulfton residents who need assistance with daily living, personal routines or caregiver relief."
locations/gulfton.html,21,medical,ALLOWED,Explicit scope limitation or non-medical context.,Non-medical medication reminders when permitted
locations/harris-county.html,1,home health,ALLOWED,Legal-name or explicit service-distinction context.,"Home Care in Harris County, TX | Primetime Home Health"
locations/harris-county.html,11,medical,ALLOWED,Explicit scope limitation or non-medical context.,"Non-medical personal assistance services for eligible children, adults and seniors across Harris County who want to remain comfortable at home."
locations/harris-county.html,15,home health,ALLOWED,Legal business name.,Primetime Home Health Services is a long-standing local agency serving Harris County families. Our focus is non-medical personal assistance services (PAS) that help eligible clients complete daily routines safely in their own homes subject to the applicable program and authorization.
locations/harris-county.html,15,medical,ALLOWED,Explicit scope limitation or non-medical context.,Primetime Home Health Services is a long-standing local agency serving Harris County families. Our focus is non-medical personal assistance services (PAS) that help eligible clients complete daily routines safely in their own homes subject to the applicable program and authorization.
locations/hempstead.html,1,home health,ALLOWED,Legal-name or explicit service-distinction context.,"Home Care in Hempstead, TX | Primetime Home Health"
locations/hempstead.html,11,medical,ALLOWED,Explicit scope limitation or non-medical context.,"Local, non-medical support for eligible children, adults and seniors in Hempstead and Waller County."
locations/hempstead.html,15,home health,ALLOWED,Legal business name.,"Primetime Home Health Services is a long-standing local agency serving Greater Houston families, including Hempstead,. Our focus is non-medical personal assistance services that help eligible clients complete daily routines safely in their own homes."
locations/hempstead.html,15,medical,ALLOWED,Explicit scope limitation or non-medical context.,"Primetime Home Health Services is a long-standing local agency serving Greater Houston families, including Hempstead,. Our focus is non-medical personal assistance services that help eligible clients complete daily routines safely in their own homes."
locations/hempstead.html,23,medical,ALLOWED,Explicit scope limitation or non-medical context.,Hempstead families can connect with Waller County Area Agency on Aging and local community programs. Primetime provides the non-medical PAS layer that complements clinical care available at nearby hospitals.
locations/hitchcock.html,1,home health,ALLOWED,Legal-name or explicit service-distinction context.,"Home Care in Hitchcock, TX | Primetime Home Health"
locations/hitchcock.html,11,medical,ALLOWED,Explicit scope limitation or non-medical context.,"Local, non-medical support for eligible children, adults and seniors in Hitchcock and Galveston County."
locations/hitchcock.html,15,home health,ALLOWED,Legal business name.,"Primetime Home Health Services is a long-standing local agency serving Greater Houston families, including Hitchcock,. Our focus is non-medical personal assistance services that help eligible clients complete daily routines safely in their own homes."
locations/hitchcock.html,15,medical,ALLOWED,Explicit scope limitation or non-medical context.,"Primetime Home Health Services is a long-standing local agency serving Greater Houston families, including Hitchcock,. Our focus is non-medical personal assistance services that help eligible clients complete daily routines safely in their own homes."
locations/hitchcock.html,23,medical,ALLOWED,Explicit scope limitation or non-medical context.,Hitchcock families can connect with Galveston County Area Agency on Aging and local community programs. Primetime provides the non-medical PAS layer that complements clinical care available at nearby hospitals.
locations/houston.html,1,home health,ALLOWED,Legal-name or explicit service-distinction context.,"Home Care in Houston, TX | Primetime Home Health"
locations/houston.html,11,medical,ALLOWED,Explicit scope limitation or non-medical context.,"Local, non-medical support for eligible children, adults and seniors who want to remain comfortable and supported at home."
locations/houston.html,15,home health,ALLOWED,Legal business name.,Primetime Home Health Services is based in southwest Houston and is a long-standing local agency serving area families. Our team focuses on non-medical personal assistance services that help eligible clients complete daily routines safely and consistently in their own homes.
locations/houston.html,15,medical,ALLOWED,Explicit scope limitation or non-medical context.,Primetime Home Health Services is based in southwest Houston and is a long-standing local agency serving area families. Our team focuses on non-medical personal assistance services that help eligible clients complete daily routines safely and consistently in their own homes.
locations/humble.html,1,home health,ALLOWED,Legal-name or explicit service-distinction context.,"Home Care in Humble, TX | Primetime Home Health"
locations/humble.html,11,medical,ALLOWED,Explicit scope limitation or non-medical context.,"Local, non-medical support for eligible children, adults and seniors in Humble and northeast Harris County who want to remain comfortable at home."
locations/humble.html,15,home health,ALLOWED,Legal business name.,"Primetime Home Health Services is a long-standing local agency serving Greater Houston families, including Humble,. Our focus is non-medical personal assistance services that help eligible clients complete daily routines safely in their own homes."
locations/humble.html,15,medical,ALLOWED,Explicit scope limitation or non-medical context.,"Primetime Home Health Services is a long-standing local agency serving Greater Houston families, including Humble,. Our focus is non-medical personal assistance services that help eligible clients complete daily routines safely in their own homes."
locations/humble.html,26,medical,ALLOWED,Explicit scope limitation or non-medical context.,"Humble families can connect with Harris County Area Agency on Aging, local community centers, and senior programs. Humble is served by Memorial Hermann Northeast and HCA Houston Healthcare Kingwood for medical needs; Primetime provides the non-medical PAS layer that complements clinical care."
locations/jefferson-county.html,1,home health,ALLOWED,Legal-name or explicit service-distinction context.,"Home Care in Jefferson County, TX | Primetime Home Health"
locations/jefferson-county.html,11,medical,ALLOWED,Explicit scope limitation or non-medical context.,"Non-medical personal assistance services for eligible children, adults and seniors across Jefferson County who want to remain comfortable at home."
locations/jefferson-county.html,15,home health,ALLOWED,Legal business name.,Primetime Home Health Services is a long-standing local agency serving Jefferson County families. Our focus is non-medical personal assistance services (PAS) that help eligible clients complete daily routines safely in their own homes subject to the applicable program and authorization.
locations/jefferson-county.html,15,medical,ALLOWED,Explicit scope limitation or non-medical context.,Primetime Home Health Services is a long-standing local agency serving Jefferson County families. Our focus is non-medical personal assistance services (PAS) that help eligible clients complete daily routines safely in their own homes subject to the applicable program and authorization.
locations/katy.html,1,home health,ALLOWED,Legal-name or explicit service-distinction context.,"Home Care in Katy, TX | Primetime Home Health"
locations/katy.html,10,medical,ALLOWED,Explicit scope limitation or non-medical context.,"Dependable non-medical assistance for eligible Katy-area clients who need help with daily living, personal care, mobility or caregiver relief."
locations/katy.html,21,medical,ALLOWED,Explicit scope limitation or non-medical context.,Non-medical medication reminders when authorized
locations/la-marque.html,1,home health,ALLOWED,Legal-name or explicit service-distinction context.,"Home Care in La Marque, TX | Primetime Home Health"
locations/la-marque.html,11,medical,ALLOWED,Explicit scope limitation or non-medical context.,"Local, non-medical support for eligible children, adults and seniors in La Marque and Galveston County."
locations/la-marque.html,15,home health,ALLOWED,Legal business name.,"Primetime Home Health Services is a long-standing local agency serving Greater Houston families, including La Marque,. Our focus is non-medical personal assistance services that help eligible clients complete daily routines safely in their own homes."
locations/la-marque.html,15,medical,ALLOWED,Explicit scope limitation or non-medical context.,"Primetime Home Health Services is a long-standing local agency serving Greater Houston families, including La Marque,. Our focus is non-medical personal assistance services that help eligible clients complete daily routines safely in their own homes."
locations/la-marque.html,23,medical,ALLOWED,Explicit scope limitation or non-medical context.,La Marque families can connect with Galveston County Area Agency on Aging and local community programs. Primetime provides the non-medical PAS layer that complements clinical care available at nearby hospitals.
locations/la-porte.html,1,home health,ALLOWED,Legal-name or explicit service-distinction context.,"Home Care in La Porte, TX | Primetime Home Health"
locations/la-porte.html,11,medical,ALLOWED,Explicit scope limitation or non-medical context.,"Local, non-medical support for eligible children, adults and seniors in La Porte and southeast Harris County."
locations/la-porte.html,15,home health,ALLOWED,Legal business name.,"Primetime Home Health Services is a long-standing local agency serving Greater Houston families, including La Porte,. Our focus is non-medical personal assistance services that help eligible clients complete daily routines safely in their own homes."
locations/la-porte.html,15,medical,ALLOWED,Explicit scope limitation or non-medical context.,"Primetime Home Health Services is a long-standing local agency serving Greater Houston families, including La Porte,. Our focus is non-medical personal assistance services that help eligible clients complete daily routines safely in their own homes."
locations/la-porte.html,23,medical,ALLOWED,Explicit scope limitation or non-medical context.,La Porte families can connect with Harris County Area Agency on Aging and local community programs. Primetime provides the non-medical PAS layer that complements clinical care available at nearby hospitals.
locations/lake-jackson.html,1,home health,ALLOWED,Legal-name or explicit service-distinction context.,"Home Care in Lake Jackson, TX | Primetime Home Health"
locations/lake-jackson.html,11,medical,ALLOWED,Explicit scope limitation or non-medical context.,"Local, non-medical support for eligible children, adults and seniors in Lake Jackson and Brazoria County."
locations/lake-jackson.html,15,home health,ALLOWED,Legal business name.,"Primetime Home Health Services is a long-standing local agency serving Greater Houston families, including Lake Jackson,. Our focus is non-medical personal assistance services that help eligible clients complete daily routines safely in their own homes."
locations/lake-jackson.html,15,medical,ALLOWED,Explicit scope limitation or non-medical context.,"Primetime Home Health Services is a long-standing local agency serving Greater Houston families, including Lake Jackson,. Our focus is non-medical personal assistance services that help eligible clients complete daily routines safely in their own homes."
locations/lake-jackson.html,23,medical,ALLOWED,Explicit scope limitation or non-medical context.,Lake Jackson families can connect with Brazoria County Area Agency on Aging and local community programs. Primetime provides the non-medical PAS layer that complements clinical care available at nearby hospitals.
locations/league-city.html,1,home health,ALLOWED,Legal-name or explicit service-distinction context.,"Home Care in League City, TX | Primetime Home Health"
locations/league-city.html,11,medical,ALLOWED,Explicit scope limitation or non-medical context.,"Local, non-medical support for eligible children, adults and seniors in League City and Galveston County."
locations/league-city.html,15,home health,ALLOWED,Legal business name.,"Primetime Home Health Services is a long-standing local agency serving Greater Houston families, including League City,. Our focus is non-medical personal assistance services that help eligible clients complete daily routines safely in their own homes."
locations/league-city.html,15,medical,ALLOWED,Explicit scope limitation or non-medical context.,"Primetime Home Health Services is a long-standing local agency serving Greater Houston families, including League City,. Our focus is non-medical personal assistance services that help eligible clients complete daily routines safely in their own homes."
locations/league-city.html,23,medical,ALLOWED,Explicit scope limitation or non-medical context.,League City families can connect with Galveston County Area Agency on Aging and local community programs. Primetime provides the non-medical PAS layer that complements clinical care available at nearby hospitals.
locations/liberty.html,1,home health,ALLOWED,Legal-name or explicit service-distinction context.,"Home Care in Liberty, TX | Primetime Home Health"
locations/liberty.html,11,medical,ALLOWED,Explicit scope limitation or non-medical context.,"Local, non-medical support for eligible children, adults and seniors in Liberty and Liberty County."
locations/liberty.html,15,home health,ALLOWED,Legal business name.,"Primetime Home Health Services is a long-standing local agency serving Greater Houston families, including Liberty,. Our focus is non-medical personal assistance services that help eligible clients complete daily routines safely in their own homes."
locations/liberty.html,15,medical,ALLOWED,Explicit scope limitation or non-medical context.,"Primetime Home Health Services is a long-standing local agency serving Greater Houston families, including Liberty,. Our focus is non-medical personal assistance services that help eligible clients complete daily routines safely in their own homes."
locations/liberty.html,23,medical,ALLOWED,Explicit scope limitation or non-medical context.,Liberty families can connect with Liberty County Area Agency on Aging and local community programs. Primetime provides the non-medical PAS layer that complements clinical care available at nearby hospitals.
locations/magnolia.html,1,home health,ALLOWED,Legal-name or explicit service-distinction context.,"Home Care in Magnolia, TX | Primetime Home Health"
locations/magnolia.html,11,medical,ALLOWED,Explicit scope limitation or non-medical context.,"Local, non-medical support for eligible children, adults and seniors in Magnolia and Montgomery County."
locations/magnolia.html,15,home health,ALLOWED,Legal business name.,"Primetime Home Health Services is a long-standing local agency serving Greater Houston families, including Magnolia,. Our focus is non-medical personal assistance services that help eligible clients complete daily routines safely in their own homes."
locations/magnolia.html,15,medical,ALLOWED,Explicit scope limitation or non-medical context.,"Primetime Home Health Services is a long-standing local agency serving Greater Houston families, including Magnolia,. Our focus is non-medical personal assistance services that help eligible clients complete daily routines safely in their own homes."
locations/magnolia.html,23,medical,ALLOWED,Explicit scope limitation or non-medical context.,Magnolia families can connect with Montgomery County Area Agency on Aging and local community programs. Primetime provides the non-medical PAS layer that complements clinical care available at nearby hospitals.
locations/manvel.html,1,home health,ALLOWED,Legal-name or explicit service-distinction context.,"Home Care in Manvel, TX | Primetime Home Health"
locations/manvel.html,11,medical,ALLOWED,Explicit scope limitation or non-medical context.,"Local, non-medical support for eligible children, adults and seniors in Manvel and Brazoria County."
locations/manvel.html,15,home health,ALLOWED,Legal business name.,"Primetime Home Health Services is a long-standing local agency serving Greater Houston families, including Manvel,. Our focus is non-medical personal assistance services that help eligible clients complete daily routines safely in their own homes."
locations/manvel.html,15,medical,ALLOWED,Explicit scope limitation or non-medical context.,"Primetime Home Health Services is a long-standing local agency serving Greater Houston families, including Manvel,. Our focus is non-medical personal assistance services that help eligible clients complete daily routines safely in their own homes."
locations/manvel.html,23,medical,ALLOWED,Explicit scope limitation or non-medical context.,Manvel families can connect with Brazoria County Area Agency on Aging and local community programs. Primetime provides the non-medical PAS layer that complements clinical care available at nearby hospitals.
locations/missouri-city.html,1,home health,ALLOWED,Legal-name or explicit service-distinction context.,"Home Care in Missouri City, TX | Primetime Home Health"
locations/missouri-city.html,11,medical,ALLOWED,Explicit scope limitation or non-medical context.,"Local, non-medical support for eligible children, adults and seniors in Missouri City and Fort Bend County who want to remain comfortable at home."
locations/missouri-city.html,15,home health,ALLOWED,Legal business name.,"Primetime Home Health Services is a long-standing local agency serving Greater Houston families, including Missouri City,. Our focus is non-medical personal assistance services that help eligible clients complete daily routines safely in their own homes."
locations/missouri-city.html,15,medical,ALLOWED,Explicit scope limitation or non-medical context.,"Primetime Home Health Services is a long-standing local agency serving Greater Houston families, including Missouri City,. Our focus is non-medical personal assistance services that help eligible clients complete daily routines safely in their own homes."
locations/missouri-city.html,26,medical,ALLOWED,Explicit scope limitation or non-medical context.,"Missouri City families can connect with Fort Bend County Area Agency on Aging, Fort Bend Transit, and local senior programs. Missouri City is served by Memorial Hermann Sugar Land and Methodist Sugar Land Hospital for medical needs; Primetime provides the non-medical PAS layer that complements clinical care."
locations/montgomery-county.html,1,home health,ALLOWED,Legal-name or explicit service-distinction context.,"Home Care in Montgomery County, TX | Primetime Home Health"
locations/montgomery-county.html,11,medical,ALLOWED,Explicit scope limitation or non-medical context.,"Non-medical personal assistance services for eligible children, adults and seniors across Montgomery County who want to remain comfortable at home."
locations/montgomery-county.html,15,home health,ALLOWED,Legal business name.,Primetime Home Health Services is a long-standing local agency serving Montgomery County families. Our focus is non-medical personal assistance services (PAS) that help eligible clients complete daily routines safely in their own homes subject to the applicable program and authorization.
locations/montgomery-county.html,15,medical,ALLOWED,Explicit scope limitation or non-medical context.,Primetime Home Health Services is a long-standing local agency serving Montgomery County families. Our focus is non-medical personal assistance services (PAS) that help eligible clients complete daily routines safely in their own homes subject to the applicable program and authorization.
locations/montgomery.html,1,home health,ALLOWED,Legal-name or explicit service-distinction context.,"Home Care in Montgomery, TX | Primetime Home Health"
locations/montgomery.html,11,medical,ALLOWED,Explicit scope limitation or non-medical context.,"Local, non-medical support for eligible children, adults and seniors in Montgomery and Montgomery County."
locations/montgomery.html,15,home health,ALLOWED,Legal business name.,"Primetime Home Health Services is a long-standing local agency serving Greater Houston families, including Montgomery,. Our focus is non-medical personal assistance services that help eligible clients complete daily routines safely in their own homes."
locations/montgomery.html,15,medical,ALLOWED,Explicit scope limitation or non-medical context.,"Primetime Home Health Services is a long-standing local agency serving Greater Houston families, including Montgomery,. Our focus is non-medical personal assistance services that help eligible clients complete daily routines safely in their own homes."
locations/montgomery.html,23,medical,ALLOWED,Explicit scope limitation or non-medical context.,Montgomery families can connect with Montgomery County Area Agency on Aging and local community programs. Primetime provides the non-medical PAS layer that complements clinical care available at nearby hospitals.
locations/needville.html,1,home health,ALLOWED,Legal-name or explicit service-distinction context.,"Home Care in Needville, TX | Primetime Home Health"
locations/needville.html,11,medical,ALLOWED,Explicit scope limitation or non-medical context.,"Local, non-medical support for eligible children, adults and seniors in Needville and Fort Bend County."
locations/needville.html,15,home health,ALLOWED,Legal business name.,"Primetime Home Health Services is a long-standing local agency serving Greater Houston families, including Needville,. Our focus is non-medical personal assistance services that help eligible clients complete daily routines safely in their own homes."
locations/needville.html,15,medical,ALLOWED,Explicit scope limitation or non-medical context.,"Primetime Home Health Services is a long-standing local agency serving Greater Houston families, including Needville,. Our focus is non-medical personal assistance services that help eligible clients complete daily routines safely in their own homes."
locations/needville.html,23,medical,ALLOWED,Explicit scope limitation or non-medical context.,Needville families can connect with Fort Bend County Area Agency on Aging and local community programs. Primetime provides the non-medical PAS layer that complements clinical care available at nearby hospitals.
locations/new-caney.html,1,home health,ALLOWED,Legal-name or explicit service-distinction context.,"Home Care in New Caney, TX | Primetime Home Health"
locations/new-caney.html,11,medical,ALLOWED,Explicit scope limitation or non-medical context.,"Local, non-medical support for eligible children, adults and seniors in New Caney and Montgomery County."
locations/new-caney.html,15,home health,ALLOWED,Legal business name.,"Primetime Home Health Services is a long-standing local agency serving Greater Houston families, including New Caney,. Our focus is non-medical personal assistance services that help eligible clients complete daily routines safely in their own homes."
locations/new-caney.html,15,medical,ALLOWED,Explicit scope limitation or non-medical context.,"Primetime Home Health Services is a long-standing local agency serving Greater Houston families, including New Caney,. Our focus is non-medical personal assistance services that help eligible clients complete daily routines safely in their own homes."
locations/new-caney.html,23,medical,ALLOWED,Explicit scope limitation or non-medical context.,New Caney families can connect with Montgomery County Area Agency on Aging and local community programs. Primetime provides the non-medical PAS layer that complements clinical care available at nearby hospitals.
locations/pasadena.html,1,home health,ALLOWED,Legal-name or explicit service-distinction context.,"Home Care in Pasadena, TX | Primetime Home Health"
locations/pasadena.html,11,medical,ALLOWED,Explicit scope limitation or non-medical context.,"Local, non-medical support for eligible children, adults and seniors in Pasadena and southeast Harris County who want to remain comfortable at home."
locations/pasadena.html,15,home health,ALLOWED,Legal business name.,"Primetime Home Health Services is a long-standing local agency serving Greater Houston families, including Pasadena,. Our focus is non-medical personal assistance services that help eligible clients complete daily routines safely in their own homes."
locations/pasadena.html,15,medical,ALLOWED,Explicit scope limitation or non-medical context.,"Primetime Home Health Services is a long-standing local agency serving Greater Houston families, including Pasadena,. Our focus is non-medical personal assistance services that help eligible clients complete daily routines safely in their own homes."
locations/pasadena.html,26,medical,ALLOWED,Explicit scope limitation or non-medical context.,"Pasadena families can connect with the City of Pasadena Community Services, Harris County Area Agency on Aging, and local senior centers for additional support. Pasadena is served by HCA Houston Healthcare Southeast and Memorial Hermann Southeast Hospital for medical needs; Primetime provides the non-medical PAS layer that complements clinical care."
locations/pearland.html,1,home health,ALLOWED,Legal-name or explicit service-distinction context.,"Home Care in Pearland, TX | Primetime Home Health"
locations/pearland.html,11,medical,ALLOWED,Explicit scope limitation or non-medical context.,"Local, non-medical support for eligible children, adults and seniors in Pearland and the Brazoria/Harris County area who want to remain comfortable at home."
locations/pearland.html,15,home health,ALLOWED,Legal business name.,"Primetime Home Health Services is a long-standing local agency serving Greater Houston families, including Pearland,. Our focus is non-medical personal assistance services that help eligible clients complete daily routines safely in their own homes."
locations/pearland.html,15,medical,ALLOWED,Explicit scope limitation or non-medical context.,"Primetime Home Health Services is a long-standing local agency serving Greater Houston families, including Pearland,. Our focus is non-medical personal assistance services that help eligible clients complete daily routines safely in their own homes."
locations/pearland.html,26,medical,ALLOWED,Explicit scope limitation or non-medical context.,"Pearland families can connect with the City of Pearland Community Services, Brazoria County Area Agency on Aging, and local senior programs. Pearland is served by Memorial Hermann Pearland Hospital and HCA Houston Healthcare Pearland for medical needs; Primetime provides the non-medical PAS layer that complements clinical care."
locations/porter.html,1,home health,ALLOWED,Legal-name or explicit service-distinction context.,"Home Care in Porter, TX | Primetime Home Health"
locations/porter.html,11,medical,ALLOWED,Explicit scope limitation or non-medical context.,"Local, non-medical support for eligible children, adults and seniors in Porter and Montgomery County."
locations/porter.html,15,home health,ALLOWED,Legal business name.,"Primetime Home Health Services is a long-standing local agency serving Greater Houston families, including Porter,. Our focus is non-medical personal assistance services that help eligible clients complete daily routines safely in their own homes."
locations/porter.html,15,medical,ALLOWED,Explicit scope limitation or non-medical context.,"Primetime Home Health Services is a long-standing local agency serving Greater Houston families, including Porter,. Our focus is non-medical personal assistance services that help eligible clients complete daily routines safely in their own homes."
locations/porter.html,23,medical,ALLOWED,Explicit scope limitation or non-medical context.,Porter families can connect with Montgomery County Area Agency on Aging and local community programs. Primetime provides the non-medical PAS layer that complements clinical care available at nearby hospitals.
locations/prairie-view.html,1,home health,ALLOWED,Legal-name or explicit service-distinction context.,"Home Care in Prairie View, TX | Primetime Home Health"
locations/prairie-view.html,11,medical,ALLOWED,Explicit scope limitation or non-medical context.,"Local, non-medical support for eligible children, adults and seniors in Prairie View and Waller County."
locations/prairie-view.html,15,home health,ALLOWED,Legal business name.,"Primetime Home Health Services is a long-standing local agency serving Greater Houston families, including Prairie View,. Our focus is non-medical personal assistance services that help eligible clients complete daily routines safely in their own homes."
locations/prairie-view.html,15,medical,ALLOWED,Explicit scope limitation or non-medical context.,"Primetime Home Health Services is a long-standing local agency serving Greater Houston families, including Prairie View,. Our focus is non-medical personal assistance services that help eligible clients complete daily routines safely in their own homes."
locations/prairie-view.html,23,medical,ALLOWED,Explicit scope limitation or non-medical context.,Prairie View families can connect with Waller County Area Agency on Aging and local community programs. Primetime provides the non-medical PAS layer that complements clinical care available at nearby hospitals.
locations/richmond.html,1,home health,ALLOWED,Legal-name or explicit service-distinction context.,"Home Care in Richmond, TX | Primetime Home Health"
locations/richmond.html,11,medical,ALLOWED,Explicit scope limitation or non-medical context.,"Local, non-medical support for eligible children, adults and seniors in Richmond and Fort Bend County who want to remain comfortable at home."
locations/richmond.html,15,home health,ALLOWED,Legal business name.,"Primetime Home Health Services is a long-standing local agency serving Greater Houston families, including Richmond,. Our focus is non-medical personal assistance services that help eligible clients complete daily routines safely in their own homes."
locations/richmond.html,15,medical,ALLOWED,Explicit scope limitation or non-medical context.,"Primetime Home Health Services is a long-standing local agency serving Greater Houston families, including Richmond,. Our focus is non-medical personal assistance services that help eligible clients complete daily routines safely in their own homes."
locations/richmond.html,26,medical,ALLOWED,Explicit scope limitation or non-medical context.,"Richmond families can connect with Fort Bend County Courthouse resources, Fort Bend County Area Agency on Aging, and local senior programs. Richmond is served by OakBend Medical Center for medical needs; Primetime provides the non-medical PAS layer that complements clinical care."
locations/rosenberg.html,1,home health,ALLOWED,Legal-name or explicit service-distinction context.,"Home Care in Rosenberg, TX | Primetime Home Health"
locations/rosenberg.html,11,medical,ALLOWED,Explicit scope limitation or non-medical context.,"Local, non-medical support for eligible children, adults and seniors in Rosenberg and Fort Bend County who want to remain comfortable at home."
locations/rosenberg.html,15,home health,ALLOWED,Legal business name.,"Primetime Home Health Services is a long-standing local agency serving Greater Houston families, including Rosenberg,. Our focus is non-medical personal assistance services that help eligible clients complete daily routines safely in their own homes."
locations/rosenberg.html,15,medical,ALLOWED,Explicit scope limitation or non-medical context.,"Primetime Home Health Services is a long-standing local agency serving Greater Houston families, including Rosenberg,. Our focus is non-medical personal assistance services that help eligible clients complete daily routines safely in their own homes."
locations/rosenberg.html,26,medical,ALLOWED,Explicit scope limitation or non-medical context.,"Rosenberg families can connect with Fort Bend County Courthouse resources, Fort Bend County Area Agency on Aging, and local senior programs. Rosenberg is served by OakBend Medical Center for medical needs; Primetime provides the non-medical PAS layer that complements clinical care."
locations/santa-fe.html,1,home health,ALLOWED,Legal-name or explicit service-distinction context.,"Home Care in Santa Fe, TX | Primetime Home Health"
locations/santa-fe.html,11,medical,ALLOWED,Explicit scope limitation or non-medical context.,"Local, non-medical support for eligible children, adults and seniors in Santa Fe and Galveston County."
locations/santa-fe.html,15,home health,ALLOWED,Legal business name.,"Primetime Home Health Services is a long-standing local agency serving Greater Houston families, including Santa Fe,. Our focus is non-medical personal assistance services that help eligible clients complete daily routines safely in their own homes."
locations/santa-fe.html,15,medical,ALLOWED,Explicit scope limitation or non-medical context.,"Primetime Home Health Services is a long-standing local agency serving Greater Houston families, including Santa Fe,. Our focus is non-medical personal assistance services that help eligible clients complete daily routines safely in their own homes."
locations/santa-fe.html,23,medical,ALLOWED,Explicit scope limitation or non-medical context.,Santa Fe families can connect with Galveston County Area Agency on Aging and local community programs. Primetime provides the non-medical PAS layer that complements clinical care available at nearby hospitals.
locations/sharpstown.html,1,home health,ALLOWED,Legal-name or explicit service-distinction context.,"Home Care in Sharpstown, TX | Primetime Home Health"
locations/sharpstown.html,14,medical,ALLOWED,Explicit scope limitation or non-medical context.,"Sharpstown families are located near Primetime’s southwest Houston office, allowing clients to work with a long-established local agency for non-medical personal assistance. We focus on dependable scheduling, respectful caregiver support and services aligned with the client’s authorization."
locations/sharpstown.html,27,nursing,ALLOWED,Scope FAQ question paired with a limiting answer on the same page.,Do you provide skilled nursing?
locations/sharpstown.html,28,medical,ALLOWED,Explicit scope limitation or non-medical context.,Our focus is non-medical personal assistance services. Contact us for the current scope of services available through your program.
locations/shenandoah.html,1,home health,ALLOWED,Legal-name or explicit service-distinction context.,"Home Care in Shenandoah, TX | Primetime Home Health"
locations/shenandoah.html,11,medical,ALLOWED,Explicit scope limitation or non-medical context.,"Local, non-medical support for eligible children, adults and seniors in Shenandoah and Montgomery County."
locations/shenandoah.html,15,home health,ALLOWED,Legal business name.,"Primetime Home Health Services is a long-standing local agency serving Greater Houston families, including Shenandoah,. Our focus is non-medical personal assistance services that help eligible clients complete daily routines safely in their own homes."
locations/shenandoah.html,15,medical,ALLOWED,Explicit scope limitation or non-medical context.,"Primetime Home Health Services is a long-standing local agency serving Greater Houston families, including Shenandoah,. Our focus is non-medical personal assistance services that help eligible clients complete daily routines safely in their own homes."
locations/shenandoah.html,23,medical,ALLOWED,Explicit scope limitation or non-medical context.,Shenandoah families can connect with Montgomery County Area Agency on Aging and local community programs. Primetime provides the non-medical PAS layer that complements clinical care available at nearby hospitals.
locations/southwest-houston.html,1,home health,ALLOWED,Legal-name or explicit service-distinction context.,"Home Care in Southwest Houston, TX | Primetime Home Health"
locations/southwest-houston.html,23,medical,ALLOWED,Explicit scope limitation or non-medical context.,Every payer and program has its own eligibility criteria. We coordinate services according to the approved authorization and do not expand care beyond the non-medical personal assistance scope.
locations/southwest-houston.html,26,home health,ALLOWED,Legal business name.,"Yes. Primetime Home Health Services is located at 11602 Burdine Street, Suite A, Houston, TX 77035."
locations/spring.html,1,home health,ALLOWED,Legal-name or explicit service-distinction context.,"Home Care in Spring, TX | Primetime Home Health"
locations/spring.html,11,medical,ALLOWED,Explicit scope limitation or non-medical context.,"Local, non-medical support for eligible children, adults and seniors in Spring and northern Harris/Montgomery County who want to remain comfortable at home."
locations/spring.html,15,home health,ALLOWED,Legal business name.,"Primetime Home Health Services is a long-standing local agency serving Greater Houston families, including Spring,. Our focus is non-medical personal assistance services that help eligible clients complete daily routines safely in their own homes."
locations/spring.html,15,medical,ALLOWED,Explicit scope limitation or non-medical context.,"Primetime Home Health Services is a long-standing local agency serving Greater Houston families, including Spring,. Our focus is non-medical personal assistance services that help eligible clients complete daily routines safely in their own homes."
locations/spring.html,26,medical,ALLOWED,Explicit scope limitation or non-medical context.,"Spring families can connect with the Harris County and Montgomery County Area Agencies on Aging, local senior centers, and community programs. Spring is served by Houston Methodist Willowbrook and HCA Houston Healthcare Northwest for medical needs; Primetime provides the non-medical PAS layer that complements clinical care."
locations/stafford.html,1,home health,ALLOWED,Legal-name or explicit service-distinction context.,"Home Care in Stafford, TX | Primetime Home Health"
locations/stafford.html,11,medical,ALLOWED,Explicit scope limitation or non-medical context.,"Local, non-medical support for eligible children, adults and seniors in Stafford and Fort Bend County."
locations/stafford.html,15,home health,ALLOWED,Legal business name.,"Primetime Home Health Services is a long-standing local agency serving Greater Houston families, including Stafford,. Our focus is non-medical personal assistance services that help eligible clients complete daily routines safely in their own homes."
locations/stafford.html,15,medical,ALLOWED,Explicit scope limitation or non-medical context.,"Primetime Home Health Services is a long-standing local agency serving Greater Houston families, including Stafford,. Our focus is non-medical personal assistance services that help eligible clients complete daily routines safely in their own homes."
locations/stafford.html,23,medical,ALLOWED,Explicit scope limitation or non-medical context.,Stafford families can connect with Fort Bend County Area Agency on Aging and local community programs. Primetime provides the non-medical PAS layer that complements clinical care available at nearby hospitals.
locations/sugar-land.html,1,home health,ALLOWED,Legal-name or explicit service-distinction context.,"Home Care in Sugar Land, TX | Primetime Home Health"
locations/sugar-land.html,14,medical,ALLOWED,Explicit scope limitation or non-medical context.,"Families in Sugar Land may be caring for aging parents, children with disabilities or relatives who need help staying safe and comfortable at home. Primetime provides authorized non-medical assistance designed around everyday routines and the individual’s approved needs."
locations/sugar-land.html,27,nursing,ALLOWED,Scope FAQ question paired with a limiting answer on the same page.,Do you offer private-duty nursing?
locations/sugar-land.html,28,medical,ALLOWED,Explicit scope limitation or non-medical context.,Primetime’s focus is non-medical personal assistance services. Contact us for the current service scope available through your program.
locations/sunnyside.html,1,home health,ALLOWED,Legal-name or explicit service-distinction context.,"Home Care in Sunnyside, TX | Primetime Home Health"
locations/sunnyside.html,10,medical,ALLOWED,Explicit scope limitation or non-medical context.,"Community-focused, non-medical support for eligible Sunnyside residents who need assistance with everyday care at home."
locations/sunnyside.html,14,medical,ALLOWED,Explicit scope limitation or non-medical context.,"Home-based personal assistance can reduce the pressure on families who are balancing work, appointments, school and caregiving. Primetime caregivers provide approved non-medical assistance with daily routines while respecting the client’s dignity, preferences and household."
locations/sunnyside.html,28,medical,ALLOWED,Explicit scope limitation or non-medical context.,"Personal assistance is non-medical help with everyday activities such as bathing, dressing, mobility and other approved routines."
locations/texas-city.html,1,home health,ALLOWED,Legal-name or explicit service-distinction context.,"Home Care in Texas City, TX | Primetime Home Health"
locations/texas-city.html,11,medical,ALLOWED,Explicit scope limitation or non-medical context.,"Local, non-medical support for eligible children, adults and seniors in Texas City and Galveston County."
locations/texas-city.html,15,home health,ALLOWED,Legal business name.,"Primetime Home Health Services is a long-standing local agency serving Greater Houston families, including Texas City,. Our focus is non-medical personal assistance services that help eligible clients complete daily routines safely in their own homes."
locations/texas-city.html,15,medical,ALLOWED,Explicit scope limitation or non-medical context.,"Primetime Home Health Services is a long-standing local agency serving Greater Houston families, including Texas City,. Our focus is non-medical personal assistance services that help eligible clients complete daily routines safely in their own homes."
locations/texas-city.html,23,medical,ALLOWED,Explicit scope limitation or non-medical context.,Texas City families can connect with Galveston County Area Agency on Aging and local community programs. Primetime provides the non-medical PAS layer that complements clinical care available at nearby hospitals.
locations/the-woodlands.html,1,home health,ALLOWED,Legal-name or explicit service-distinction context.,"Home Care in The Woodlands, TX | Primetime Home Health"
locations/the-woodlands.html,11,medical,ALLOWED,Explicit scope limitation or non-medical context.,"Local, non-medical support for eligible children, adults and seniors in The Woodlands and Montgomery County."
locations/the-woodlands.html,15,home health,ALLOWED,Legal business name.,"Primetime Home Health Services is a long-standing local agency serving Greater Houston families, including The Woodlands,. Our focus is non-medical personal assistance services that help eligible clients complete daily routines safely in their own homes."
locations/the-woodlands.html,15,medical,ALLOWED,Explicit scope limitation or non-medical context.,"Primetime Home Health Services is a long-standing local agency serving Greater Houston families, including The Woodlands,. Our focus is non-medical personal assistance services that help eligible clients complete daily routines safely in their own homes."
locations/the-woodlands.html,23,medical,ALLOWED,Explicit scope limitation or non-medical context.,The Woodlands families can connect with Montgomery County Area Agency on Aging and local community programs. Primetime provides the non-medical PAS layer that complements clinical care available at nearby hospitals.
locations/tomball.html,1,home health,ALLOWED,Legal-name or explicit service-distinction context.,"Home Care in Tomball, TX | Primetime Home Health"
locations/tomball.html,11,medical,ALLOWED,Explicit scope limitation or non-medical context.,"Local, non-medical support for eligible children, adults and seniors in Tomball and northwest Harris County."
locations/tomball.html,15,home health,ALLOWED,Legal business name.,"Primetime Home Health Services is a long-standing local agency serving Greater Houston families, including Tomball,. Our focus is non-medical personal assistance services that help eligible clients complete daily routines safely in their own homes."
locations/tomball.html,15,medical,ALLOWED,Explicit scope limitation or non-medical context.,"Primetime Home Health Services is a long-standing local agency serving Greater Houston families, including Tomball,. Our focus is non-medical personal assistance services that help eligible clients complete daily routines safely in their own homes."
locations/tomball.html,23,medical,ALLOWED,Explicit scope limitation or non-medical context.,Tomball families can connect with Harris County Area Agency on Aging and local community programs. Primetime provides the non-medical PAS layer that complements clinical care available at nearby hospitals.
locations/walker-county.html,1,home health,ALLOWED,Legal-name or explicit service-distinction context.,"Home Care in Walker County, TX | Primetime Home Health"
locations/walker-county.html,11,medical,ALLOWED,Explicit scope limitation or non-medical context.,"Non-medical personal assistance services for eligible children, adults and seniors across Walker County who want to remain comfortable at home."
locations/walker-county.html,15,home health,ALLOWED,Legal business name.,Primetime Home Health Services is a long-standing local agency serving Walker County families. Our focus is non-medical personal assistance services (PAS) that help eligible clients complete daily routines safely in their own homes subject to the applicable program and authorization.
locations/walker-county.html,15,medical,ALLOWED,Explicit scope limitation or non-medical context.,Primetime Home Health Services is a long-standing local agency serving Walker County families. Our focus is non-medical personal assistance services (PAS) that help eligible clients complete daily routines safely in their own homes subject to the applicable program and authorization.
locations/waller-county.html,1,home health,ALLOWED,Legal-name or explicit service-distinction context.,"Home Care in Waller County, TX | Primetime Home Health"
locations/waller-county.html,11,medical,ALLOWED,Explicit scope limitation or non-medical context.,"Non-medical personal assistance services for eligible children, adults and seniors across Waller County who want to remain comfortable at home."
locations/waller-county.html,15,home health,ALLOWED,Legal business name.,Primetime Home Health Services is a long-standing local agency serving Waller County families. Our focus is non-medical personal assistance services (PAS) that help eligible clients complete daily routines safely in their own homes subject to the applicable program and authorization.
locations/waller-county.html,15,medical,ALLOWED,Explicit scope limitation or non-medical context.,Primetime Home Health Services is a long-standing local agency serving Waller County families. Our focus is non-medical personal assistance services (PAS) that help eligible clients complete daily routines safely in their own homes subject to the applicable program and authorization.
locations/webster.html,1,home health,ALLOWED,Legal-name or explicit service-distinction context.,"Home Care in Webster, TX | Primetime Home Health"
locations/webster.html,11,medical,ALLOWED,Explicit scope limitation or non-medical context.,"Local, non-medical support for eligible children, adults and seniors in Webster and southeast Harris County."
locations/webster.html,15,home health,ALLOWED,Legal business name.,"Primetime Home Health Services is a long-standing local agency serving Greater Houston families, including Webster,. Our focus is non-medical personal assistance services that help eligible clients complete daily routines safely in their own homes."
locations/webster.html,15,medical,ALLOWED,Explicit scope limitation or non-medical context.,"Primetime Home Health Services is a long-standing local agency serving Greater Houston families, including Webster,. Our focus is non-medical personal assistance services that help eligible clients complete daily routines safely in their own homes."
locations/webster.html,23,medical,ALLOWED,Explicit scope limitation or non-medical context.,Webster families can connect with Harris County Area Agency on Aging and local community programs. Primetime provides the non-medical PAS layer that complements clinical care available at nearby hospitals including HCA Houston Healthcare Clear Lake.
locations/west-columbia.html,1,home health,ALLOWED,Legal-name or explicit service-distinction context.,"Home Care in West Columbia, TX | Primetime Home Health"
locations/west-columbia.html,11,medical,ALLOWED,Explicit scope limitation or non-medical context.,"Local, non-medical support for eligible children, adults and seniors in West Columbia and Brazoria County."
locations/west-columbia.html,15,home health,ALLOWED,Legal business name.,"Primetime Home Health Services is a long-standing local agency serving Greater Houston families, including West Columbia,. Our focus is non-medical personal assistance services that help eligible clients complete daily routines safely in their own homes."
locations/west-columbia.html,15,medical,ALLOWED,Explicit scope limitation or non-medical context.,"Primetime Home Health Services is a long-standing local agency serving Greater Houston families, including West Columbia,. Our focus is non-medical personal assistance services that help eligible clients complete daily routines safely in their own homes."
locations/west-columbia.html,23,medical,ALLOWED,Explicit scope limitation or non-medical context.,West Columbia families can connect with Brazoria County Area Agency on Aging and local community programs. Primetime provides the non-medical PAS layer that complements clinical care available at nearby hospitals.
locations/wharton-county.html,1,home health,ALLOWED,Legal-name or explicit service-distinction context.,"Home Care in Wharton County, TX | Primetime Home Health"
locations/wharton-county.html,11,medical,ALLOWED,Explicit scope limitation or non-medical context.,"Non-medical personal assistance services for eligible children, adults and seniors across Wharton County who want to remain comfortable at home."
locations/wharton-county.html,15,home health,ALLOWED,Legal business name.,Primetime Home Health Services is a long-standing local agency serving Wharton County families. Our focus is non-medical personal assistance services (PAS) that help eligible clients complete daily routines safely in their own homes subject to the applicable program and authorization.
locations/wharton-county.html,15,medical,ALLOWED,Explicit scope limitation or non-medical context.,Primetime Home Health Services is a long-standing local agency serving Wharton County families. Our focus is non-medical personal assistance services (PAS) that help eligible clients complete daily routines safely in their own homes subject to the applicable program and authorization.
locations/willis.html,1,home health,ALLOWED,Legal-name or explicit service-distinction context.,"Home Care in Willis, TX | Primetime Home Health"
locations/willis.html,11,medical,ALLOWED,Explicit scope limitation or non-medical context.,"Local, non-medical support for eligible children, adults and seniors in Willis and Montgomery County."
locations/willis.html,15,home health,ALLOWED,Legal business name.,"Primetime Home Health Services is a long-standing local agency serving Greater Houston families, including Willis,. Our focus is non-medical personal assistance services that help eligible clients complete daily routines safely in their own homes."
locations/willis.html,15,medical,ALLOWED,Explicit scope limitation or non-medical context.,"Primetime Home Health Services is a long-standing local agency serving Greater Houston families, including Willis,. Our focus is non-medical personal assistance services that help eligible clients complete daily routines safely in their own homes."
locations/willis.html,23,medical,ALLOWED,Explicit scope limitation or non-medical context.,Willis families can connect with Montgomery County Area Agency on Aging and local community programs. Primetime provides the non-medical PAS layer that complements clinical care available at nearby hospitals.
managing-medications-for-elderly-care.html,1,home health,QUARANTINED,Article is noindex and permanently redirected pending editorial review.,Managing Medications for Elderly Care | Primetime Home Health
managing-medications-for-elderly-care.html,35,home health,QUARANTINED,Article is noindex and permanently redirected pending editorial review.,"home health agency in Houston, Texas"
managing-medications-for-elderly-care.html,43,nursing,QUARANTINED,Article is noindex and permanently redirected pending editorial review.,home nursing care in Texas
managing-medications-for-elderly-care.html,44,nurse,QUARANTINED,Article is noindex and permanently redirected pending editorial review.,"often includes personalized medication management as part of its comprehensive care plans. Qualified nurses can assess a patient’s medication needs, manage prescriptions, and ensure that medications are administered correctly and on time. This level of care is especially beneficial for seniors with complex medication regimens, cognitive impairments, or those who require close monitoring."
managing-medications-for-elderly-care.html,44,administer,QUARANTINED,Article is noindex and permanently redirected pending editorial review.,"often includes personalized medication management as part of its comprehensive care plans. Qualified nurses can assess a patient’s medication needs, manage prescriptions, and ensure that medications are administered correctly and on time. This level of care is especially beneficial for seniors with complex medication regimens, cognitive impairments, or those who require close monitoring."
managing-medications-for-elderly-care.html,49,home health,QUARANTINED,Article is noindex and permanently redirected pending editorial review.,"Primetime Home Health Services, Inc."
medication-management-tips-for-home-health-aides.html,1,home health,QUARANTINED,Article is noindex and permanently redirected pending editorial review.,Medication Management: Tips for Home | Primetime Home Health
medication-management-tips-for-home-health-aides.html,28,home health,QUARANTINED,Article is noindex and permanently redirected pending editorial review.,Medication Management: Tips for Home Health Aides
medication-management-tips-for-home-health-aides.html,29,home health,QUARANTINED,Article is noindex and permanently redirected pending editorial review.,Medication Management: Tips for Home Health Aides
medication-management-tips-for-home-health-aides.html,35,home health,QUARANTINED,Article is noindex and permanently redirected pending editorial review.,"home health agency in Houston, Texas"
medication-management-tips-for-home-health-aides.html,36,home health,QUARANTINED,Article is noindex and permanently redirected pending editorial review.,", Primetime Home Health Services, Inc. understands the importance of equipping home health aides with the necessary knowledge and skills to handle this responsibility with care and precision."
medication-management-tips-for-home-health-aides.html,40,home health,QUARANTINED,Article is noindex and permanently redirected pending editorial review.,"To excel in this area, home health aides must prioritize accuracy, organization, and attention to detail."
medication-management-tips-for-home-health-aides.html,42,nursing,QUARANTINED,Article is noindex and permanently redirected pending editorial review.,home nursing care in Texas
medication-management-tips-for-home-health-aides.html,43,home health,QUARANTINED,Article is noindex and permanently redirected pending editorial review.,", home health aides serve as invaluable members of the healthcare team, often responsible for administering medications and monitoring clients’ responses. It’s essential for aides to stay informed about each medication’s purpose, dosage, and potential side effects to ensure safe and effective administration. Regular communication with healthcare professionals and diligent documentation are also vital components of successful medication management."
medication-management-tips-for-home-health-aides.html,43,administer,QUARANTINED,Article is noindex and permanently redirected pending editorial review.,", home health aides serve as invaluable members of the healthcare team, often responsible for administering medications and monitoring clients’ responses. It’s essential for aides to stay informed about each medication’s purpose, dosage, and potential side effects to ensure safe and effective administration. Regular communication with healthcare professionals and diligent documentation are also vital components of successful medication management."
medication-management-tips-for-home-health-aides.html,45,home health,QUARANTINED,Article is noindex and permanently redirected pending editorial review.,home health aide
medication-management-tips-for-home-health-aides.html,46,nurse,QUARANTINED,Article is noindex and permanently redirected pending editorial review.,", your role extends beyond simply administering medications; you are also tasked with observing and reporting any changes in clients’ health or behavior. Be vigilant for signs of adverse reactions or medication non-adherence, and communicate promptly with the supervising nurse or healthcare provider. Your attentiveness can make a significant difference in ensuring the well-being of those under your care."
medication-management-tips-for-home-health-aides.html,46,administer,QUARANTINED,Article is noindex and permanently redirected pending editorial review.,", your role extends beyond simply administering medications; you are also tasked with observing and reporting any changes in clients’ health or behavior. Be vigilant for signs of adverse reactions or medication non-adherence, and communicate promptly with the supervising nurse or healthcare provider. Your attentiveness can make a significant difference in ensuring the well-being of those under your care."
medication-management-tips-for-home-health-aides.html,47,home health,QUARANTINED,Article is noindex and permanently redirected pending editorial review.,With these tips and the support of a reputable home health agency like
medication-management-tips-for-home-health-aides.html,48,home health,QUARANTINED,Article is noindex and permanently redirected pending editorial review.,"Primetime Home Health Services, Inc."
medication-management-tips-for-home-health-aides.html,49,home health,QUARANTINED,Article is noindex and permanently redirected pending editorial review.,", home health aides can confidently navigate the complexities of"
medication-management-tips-for-home-health-aides.html,67,nursing,QUARANTINED,Article is noindex and permanently redirected pending editorial review.,Unveiling Nursing Care Plans: A Comprehensive Guide
nutrition-essentials-for-elderly-care.html,1,home health,QUARANTINED,Article is noindex and permanently redirected pending editorial review.,Nutrition Essentials for Elderly Care | Primetime Home Health
nutrition-essentials-for-elderly-care.html,35,home health,QUARANTINED,Article is noindex and permanently redirected pending editorial review.,"home health agency in Houston, Texas"
nutrition-essentials-for-elderly-care.html,41,nursing,QUARANTINED,Article is noindex and permanently redirected pending editorial review.,home nursing care in Texas
nutrition-essentials-for-elderly-care.html,42,nurse,QUARANTINED,Article is noindex and permanently redirected pending editorial review.,"can conduct a comprehensive nutritional assessment for your loved one. This assessment will evaluate their dietary needs based on factors such as their health status, activity level, and any medications they are taking. The nurse can then develop a personalized meal plan to ensure they are getting the essential vitamins, minerals, and nutrients they need to stay healthy."
nutrition-essentials-for-elderly-care.html,48,home health,QUARANTINED,Article is noindex and permanently redirected pending editorial review.,"Primetime Home Health Services, Inc."
preventing-falls-safe-homes-for-seniors.html,1,home health,QUARANTINED,Article is noindex and permanently redirected pending editorial review.,Preventing Falls: Safe Homes for Seniors | Primetime Home Health
preventing-falls-safe-homes-for-seniors.html,35,home health,QUARANTINED,Article is noindex and permanently redirected pending editorial review.,"home health agency in Houston, Texas"
preventing-falls-safe-homes-for-seniors.html,41,home health,QUARANTINED,Article is noindex and permanently redirected pending editorial review.,"Primetime Home Health Services, Inc."
preventing-falls-safe-homes-for-seniors.html,43,nursing,QUARANTINED,Article is noindex and permanently redirected pending editorial review.,home nursing care in Texas
privacy-policy.html,1,home health,ALLOWED,Legal-name or explicit service-distinction context.,Privacy Policy | Primetime Home Health
privacy-policy.html,13,home health,ALLOWED,Legal business name.,"This policy explains how Primetime Home Health Services, Inc. (""Primetime,"" ""PTHHS,"" ""we,"" ""us,"" or ""our"") handles personal information collected through pthhs.net and related digital interactions."
privacy-policy.html,32,medical,ALLOWED,Explicit scope limitation or non-medical context.,"Please do not send detailed medical records, Social Security numbers, financial account information, or other highly sensitive information through a general website form or ordinary email unless Primetime specifically instructs you to use an approved secure method."
privacy-policy.html,73,administer,ALLOWED,Ordinary operational verb; not medication administration.,"We retain personal information for as long as reasonably necessary for the purposes described in this policy, to provide or administer requested services, to meet legal, regulatory, payer, licensing, audit, employment, and recordkeeping requirements, to resolve disputes, and to enforce agreements. Retention periods may vary by type of information and applicable law."
privacy-policy.html,83,home health,ALLOWED,Legal business name.,"Primetime Home Health Services, Inc."
privacy-policy.html,92,home health,ALLOWED,Legal business name.,"Primetime Home Health Services, Inc."
privacy-policy.html,102,home health,ALLOWED,Legal business name.,"© 2026 Primetime Home Health Services, Inc. All rights reserved."
promoting-wellness-in-senior-homes.html,1,home health,QUARANTINED,Article is noindex and permanently redirected pending editorial review.,Promoting Wellness in Senior Homes | Primetime Home Health
promoting-wellness-in-senior-homes.html,34,home health,QUARANTINED,Article is noindex and permanently redirected pending editorial review.,"Promoting wellness in senior homes is a top priority for Primetime Home Health Services, Inc., a leading"
promoting-wellness-in-senior-homes.html,35,home health,QUARANTINED,Article is noindex and permanently redirected pending editorial review.,"home health agency in Houston, Texas"
promoting-wellness-in-senior-homes.html,42,nursing,QUARANTINED,Article is noindex and permanently redirected pending editorial review.,home nursing care in Texas
promoting-wellness-in-senior-homes.html,43,nursing,QUARANTINED,Article is noindex and permanently redirected pending editorial review.,". We provide skilled nursing services that include wound care, physical therapy, and chronic disease management. Our nurses are trained to handle complex medical needs with professionalism and compassion. This level of care ensures that seniors receive the medical attention they need in the"
promoting-wellness-in-senior-homes.html,43,nurse,QUARANTINED,Article is noindex and permanently redirected pending editorial review.,". We provide skilled nursing services that include wound care, physical therapy, and chronic disease management. Our nurses are trained to handle complex medical needs with professionalism and compassion. This level of care ensures that seniors receive the medical attention they need in the"
promoting-wellness-in-senior-homes.html,43,medical,QUARANTINED,Article is noindex and permanently redirected pending editorial review.,". We provide skilled nursing services that include wound care, physical therapy, and chronic disease management. Our nurses are trained to handle complex medical needs with professionalism and compassion. This level of care ensures that seniors receive the medical attention they need in the"
promoting-wellness-in-senior-homes.html,43,therapy,QUARANTINED,Article is noindex and permanently redirected pending editorial review.,". We provide skilled nursing services that include wound care, physical therapy, and chronic disease management. Our nurses are trained to handle complex medical needs with professionalism and compassion. This level of care ensures that seniors receive the medical attention they need in the"
promoting-wellness-in-senior-homes.html,43,wound care,QUARANTINED,Article is noindex and permanently redirected pending editorial review.,". We provide skilled nursing services that include wound care, physical therapy, and chronic disease management. Our nurses are trained to handle complex medical needs with professionalism and compassion. This level of care ensures that seniors receive the medical attention they need in the"
promoting-wellness-in-senior-homes.html,49,home health,QUARANTINED,Article is noindex and permanently redirected pending editorial review.,"Primetime Home Health Services, Inc."
senior-wellness-holistic-home-care-tips.html,1,home health,QUARANTINED,Article is noindex and permanently redirected pending editorial review.,Senior Wellness: Holistic Home Care Tips | Primetime Home Health
senior-wellness-holistic-home-care-tips.html,35,home health,QUARANTINED,Article is noindex and permanently redirected pending editorial review.,"home health agency in Houston, Texas"
senior-wellness-holistic-home-care-tips.html,39,nursing,QUARANTINED,Article is noindex and permanently redirected pending editorial review.,Home nursing care in Texas
senior-wellness-holistic-home-care-tips.html,42,home health,QUARANTINED,Article is noindex and permanently redirected pending editorial review.,home health aide
senior-wellness-holistic-home-care-tips.html,53,home health,QUARANTINED,Article is noindex and permanently redirected pending editorial review.,"Primetime Home Health Services, Inc."
terms-of-use.html,1,home health,ALLOWED,Legal-name or explicit service-distinction context.,Terms of Use | Primetime Home Health
terms-of-use.html,13,home health,ALLOWED,Legal business name.,"These Terms govern your use of pthhs.net and related website features operated by Primetime Home Health Services, Inc. (""Primetime,"" ""PTHHS,"" ""we,"" ""us,"" or ""our"")."
terms-of-use.html,20,medical,ALLOWED,Explicit scope limitation or non-medical context.,"2. No Emergency, Medical, or Professional Advice"
terms-of-use.html,21,medical,ALLOWED,Explicit scope limitation or non-medical context.,"If you are experiencing a medical or safety emergency, call 911 or seek appropriate emergency assistance. Do not use this website, a website form, email, or text message for an emergency."
terms-of-use.html,22,nursing,ALLOWED,Explicit scope limitation or non-medical context.,"The website provides general information about Primetime, non-medical personal assistance services, service areas, payer relationships, careers, and related topics. Website content is not medical advice, diagnosis, treatment, nursing advice, legal advice, financial advice, or a substitute for advice from a qualified professional."
terms-of-use.html,22,medical,ALLOWED,Explicit scope limitation or non-medical context.,"The website provides general information about Primetime, non-medical personal assistance services, service areas, payer relationships, careers, and related topics. Website content is not medical advice, diagnosis, treatment, nursing advice, legal advice, financial advice, or a substitute for advice from a qualified professional."
terms-of-use.html,22,diagnosis,ALLOWED,Explicit scope limitation or non-medical context.,"The website provides general information about Primetime, non-medical personal assistance services, service areas, payer relationships, careers, and related topics. Website content is not medical advice, diagnosis, treatment, nursing advice, legal advice, financial advice, or a substitute for advice from a qualified professional."
terms-of-use.html,22,treatment,ALLOWED,Explicit scope limitation or non-medical context.,"The website provides general information about Primetime, non-medical personal assistance services, service areas, payer relationships, careers, and related topics. Website content is not medical advice, diagnosis, treatment, nursing advice, legal advice, financial advice, or a substitute for advice from a qualified professional."
terms-of-use.html,23,administer,ALLOWED,Explicit scope limitation or non-medical context.,"Medication-reminder and similar descriptions on the website refer to non-medical support within the applicable authorized service scope; they do not authorize visitors to change, start, stop, administer, or manage medication contrary to instructions from a licensed healthcare professional or applicable law."
terms-of-use.html,23,medical,ALLOWED,Explicit scope limitation or non-medical context.,"Medication-reminder and similar descriptions on the website refer to non-medical support within the applicable authorized service scope; they do not authorize visitors to change, start, stop, administer, or manage medication contrary to instructions from a licensed healthcare professional or applicable law."
terms-of-use.html,29,medical,ALLOWED,Explicit scope limitation or non-medical context.,"Please do not submit detailed medical records, Social Security numbers, financial account information, or other highly sensitive information through a general website form or ordinary email unless Primetime specifically instructs you to use an approved secure method."
terms-of-use.html,75,home health,ALLOWED,Legal business name.,"Primetime Home Health Services, Inc."
terms-of-use.html,83,home health,ALLOWED,Legal business name.,"Primetime Home Health Services, Inc."
terms-of-use.html,93,home health,ALLOWED,Legal business name.,"© 2026 Primetime Home Health Services, Inc. All rights reserved."
the-benefits-personal-assistance-services.html,1,home health,QUARANTINED,Article is noindex and permanently redirected pending editorial review.,The Benefits Personal Assistance | Primetime Home Health
the-benefits-personal-assistance-services.html,36,home health,QUARANTINED,Article is noindex and permanently redirected pending editorial review.,"home health agency in Houston, Texas"
the-benefits-personal-assistance-services.html,44,nursing,QUARANTINED,Article is noindex and permanently redirected pending editorial review.,"In addition to personal care, our home nursing care in Texas is a vital component of personal assistance services. Skilled nurses provide medical care, including monitoring vital signs, administering medications, and managing chronic conditions. This level of care is crucial for individuals with complex medical needs, as it helps prevent hospital readmissions and promotes better health outcomes. Home nursing care ensures that clients receive continuous, high-quality medical attention in the comf"
the-benefits-personal-assistance-services.html,44,nurse,QUARANTINED,Article is noindex and permanently redirected pending editorial review.,"In addition to personal care, our home nursing care in Texas is a vital component of personal assistance services. Skilled nurses provide medical care, including monitoring vital signs, administering medications, and managing chronic conditions. This level of care is crucial for individuals with complex medical needs, as it helps prevent hospital readmissions and promotes better health outcomes. Home nursing care ensures that clients receive continuous, high-quality medical attention in the comf"
the-benefits-personal-assistance-services.html,44,administer,QUARANTINED,Article is noindex and permanently redirected pending editorial review.,"In addition to personal care, our home nursing care in Texas is a vital component of personal assistance services. Skilled nurses provide medical care, including monitoring vital signs, administering medications, and managing chronic conditions. This level of care is crucial for individuals with complex medical needs, as it helps prevent hospital readmissions and promotes better health outcomes. Home nursing care ensures that clients receive continuous, high-quality medical attention in the comf"
the-benefits-personal-assistance-services.html,44,medical,QUARANTINED,Article is noindex and permanently redirected pending editorial review.,"In addition to personal care, our home nursing care in Texas is a vital component of personal assistance services. Skilled nurses provide medical care, including monitoring vital signs, administering medications, and managing chronic conditions. This level of care is crucial for individuals with complex medical needs, as it helps prevent hospital readmissions and promotes better health outcomes. Home nursing care ensures that clients receive continuous, high-quality medical attention in the comf"
the-benefits-personal-assistance-services.html,47,treatment,QUARANTINED,Article is noindex and permanently redirected pending editorial review.,". Proper medication management is critical for maintaining health and preventing complications. Trained caregivers ensure that clients take their medications correctly and on time, reducing the risk of adverse effects and improving treatment efficacy. This service is especially beneficial for elderly individuals and those with multiple prescriptions, as it helps prevent medication errors and promotes adherence to prescribed treatments."
the-benefits-personal-assistance-services.html,49,nursing,QUARANTINED,Article is noindex and permanently redirected pending editorial review.,"offer comprehensive support tailored to the needs of each individual. From personal care and nursing services to medication management, these agencies ensure that clients receive the best possible care. For more information on how"
the-benefits-personal-assistance-services.html,53,home health,QUARANTINED,Article is noindex and permanently redirected pending editorial review.,"Primetime Home Health Services, Inc."
the-benefits-personal-assistance-services.html,60,home health,QUARANTINED,Article is noindex and permanently redirected pending editorial review.,Quality Home Healthcare
the-holistic-approach-of-modern-home-care-agencies.html,1,home health,QUARANTINED,Article is noindex and permanently redirected pending editorial review.,The Holistic Approach of Modern Home | Primetime Home Health
the-holistic-approach-of-modern-home-care-agencies.html,36,home health,QUARANTINED,Article is noindex and permanently redirected pending editorial review.,"home health agency in Houston, Texas"
the-holistic-approach-of-modern-home-care-agencies.html,38,medical,QUARANTINED,Article is noindex and permanently redirected pending editorial review.,"These agencies are dedicated to providing a holistic approach to healthcare, ensuring that patients receive not just medical attention but also emotional and psychological support."
the-holistic-approach-of-modern-home-care-agencies.html,43,nursing,QUARANTINED,Article is noindex and permanently redirected pending editorial review.,home nursing care in Texas
the-holistic-approach-of-modern-home-care-agencies.html,44,nurse,QUARANTINED,Article is noindex and permanently redirected pending editorial review.,". Skilled nurses provide medical care, including"
the-holistic-approach-of-modern-home-care-agencies.html,44,medical,QUARANTINED,Article is noindex and permanently redirected pending editorial review.,". Skilled nurses provide medical care, including"
the-holistic-approach-of-modern-home-care-agencies.html,46,nursing,QUARANTINED,Article is noindex and permanently redirected pending editorial review.,", wound care, and chronic disease management. These services are essential for patients with complex medical needs, allowing them to avoid frequent hospital visits. Home nursing care ensures continuity of care, which is crucial for achieving the best possible health outcomes."
the-holistic-approach-of-modern-home-care-agencies.html,46,medical,QUARANTINED,Article is noindex and permanently redirected pending editorial review.,", wound care, and chronic disease management. These services are essential for patients with complex medical needs, allowing them to avoid frequent hospital visits. Home nursing care ensures continuity of care, which is crucial for achieving the best possible health outcomes."
the-holistic-approach-of-modern-home-care-agencies.html,46,wound care,QUARANTINED,Article is noindex and permanently redirected pending editorial review.,", wound care, and chronic disease management. These services are essential for patients with complex medical needs, allowing them to avoid frequent hospital visits. Home nursing care ensures continuity of care, which is crucial for achieving the best possible health outcomes."
the-holistic-approach-of-modern-home-care-agencies.html,47,medical,QUARANTINED,Article is noindex and permanently redirected pending editorial review.,"Beyond medical and personal care,"
the-holistic-approach-of-modern-home-care-agencies.html,51,home health,QUARANTINED,Article is noindex and permanently redirected pending editorial review.,"Primetime Home Health Services, Inc."
the-holistic-approach-of-modern-home-care-agencies.html,54,home health,QUARANTINED,Article is noindex and permanently redirected pending editorial review.,"Primetime Home Health Services, Inc."
the-positive-impact-of-companionship-on-senior-health.html,1,home health,QUARANTINED,Article is noindex and permanently redirected pending editorial review.,The Positive Impact of Companionship | Primetime Home Health
the-positive-impact-of-companionship-on-senior-health.html,37,home health,QUARANTINED,Article is noindex and permanently redirected pending editorial review.,"home health agency in Houston, Texas"
the-positive-impact-of-companionship-on-senior-health.html,43,nursing,QUARANTINED,Article is noindex and permanently redirected pending editorial review.,home nursing care in Texas
the-positive-impact-of-companionship-on-senior-health.html,45,home health,QUARANTINED,Article is noindex and permanently redirected pending editorial review.,Home health aide
the-positive-impact-of-companionship-on-senior-health.html,46,medical,QUARANTINED,Article is noindex and permanently redirected pending editorial review.,are instrumental in providing this level of care. These professionals offer not only medical assistance but also emotional support
the-positive-impact-of-companionship-on-senior-health.html,54,home health,QUARANTINED,Article is noindex and permanently redirected pending editorial review.,Employ home health aides to provide consistent companionship and support.
the-positive-impact-of-companionship-on-senior-health.html,55,home health,QUARANTINED,Article is noindex and permanently redirected pending editorial review.,"For seniors and their families seeking comprehensive care solutions, Primetime Home Health Services, Inc. offers dedicated services to address both medical and social needs."
the-positive-impact-of-companionship-on-senior-health.html,55,medical,QUARANTINED,Article is noindex and permanently redirected pending editorial review.,"For seniors and their families seeking comprehensive care solutions, Primetime Home Health Services, Inc. offers dedicated services to address both medical and social needs."
tips-for-choosing-the-right-home-care-provider.html,1,home health,QUARANTINED,Article is noindex and permanently redirected pending editorial review.,Tips for Choosing the Right Home Care | Primetime Home Health
tips-for-choosing-the-right-home-care-provider.html,34,home health,QUARANTINED,Article is noindex and permanently redirected pending editorial review.,"For families seeking home care services for themselves or loved ones, navigating the numerous options can feel overwhelming. Primetime Home Health Services, Inc., a trusted"
tips-for-choosing-the-right-home-care-provider.html,35,home health,QUARANTINED,Article is noindex and permanently redirected pending editorial review.,"home health agency in Houston, Texas"
tips-for-choosing-the-right-home-care-provider.html,38,nursing,QUARANTINED,Article is noindex and permanently redirected pending editorial review.,Home nursing care in Texas
tips-for-choosing-the-right-home-care-provider.html,39,medical,QUARANTINED,Article is noindex and permanently redirected pending editorial review.,"encompasses a wide range of services. Consider the level of medical attention required. Does the patient need assistance with daily living activities such as bathing, dressing, and medication management?"
tips-for-choosing-the-right-home-care-provider.html,52,home health,QUARANTINED,Article is noindex and permanently redirected pending editorial review.,"Primetime Home Health Services, Inc."
tips-for-choosing-the-right-home-care-provider.html,69,nursing,QUARANTINED,Article is noindex and permanently redirected pending editorial review.,Unveiling Nursing Care Plans: A Comprehensive Guide
understanding-medicaid-for-home-care-services.html,1,home health,QUARANTINED,Article is noindex and permanently redirected pending editorial review.,Understanding Medicaid for Home Care | Primetime Home Health
understanding-medicaid-for-home-care-services.html,37,nursing,QUARANTINED,Article is noindex and permanently redirected pending editorial review.,". For many, Medicaid helps fund necessary services, including help with personal care, therapy, and nursing care at home. This financial aid is especially important for individuals with chronic illnesses or disabilities who need ongoing support but do not have the resources for private care. Medicaid can make home care accessible to those who need it most."
understanding-medicaid-for-home-care-services.html,37,therapy,QUARANTINED,Article is noindex and permanently redirected pending editorial review.,". For many, Medicaid helps fund necessary services, including help with personal care, therapy, and nursing care at home. This financial aid is especially important for individuals with chronic illnesses or disabilities who need ongoing support but do not have the resources for private care. Medicaid can make home care accessible to those who need it most."
understanding-medicaid-for-home-care-services.html,39,home health,QUARANTINED,Article is noindex and permanently redirected pending editorial review.,"home health agency in Houston, Texas"
understanding-medicaid-for-home-care-services.html,41,nursing,QUARANTINED,Article is noindex and permanently redirected pending editorial review.,"Home nursing care is another crucial service that Medicaid may cover. This service includes skilled nursing care, which can be essential for those recovering from surgery, managing chronic conditions, or requiring rehabilitation at home. Nurses provide medical support, including administering medications, wound care, and"
understanding-medicaid-for-home-care-services.html,41,nurse,QUARANTINED,Article is noindex and permanently redirected pending editorial review.,"Home nursing care is another crucial service that Medicaid may cover. This service includes skilled nursing care, which can be essential for those recovering from surgery, managing chronic conditions, or requiring rehabilitation at home. Nurses provide medical support, including administering medications, wound care, and"
understanding-medicaid-for-home-care-services.html,41,administer,QUARANTINED,Article is noindex and permanently redirected pending editorial review.,"Home nursing care is another crucial service that Medicaid may cover. This service includes skilled nursing care, which can be essential for those recovering from surgery, managing chronic conditions, or requiring rehabilitation at home. Nurses provide medical support, including administering medications, wound care, and"
understanding-medicaid-for-home-care-services.html,41,medical,QUARANTINED,Article is noindex and permanently redirected pending editorial review.,"Home nursing care is another crucial service that Medicaid may cover. This service includes skilled nursing care, which can be essential for those recovering from surgery, managing chronic conditions, or requiring rehabilitation at home. Nurses provide medical support, including administering medications, wound care, and"
understanding-medicaid-for-home-care-services.html,41,wound care,QUARANTINED,Article is noindex and permanently redirected pending editorial review.,"Home nursing care is another crucial service that Medicaid may cover. This service includes skilled nursing care, which can be essential for those recovering from surgery, managing chronic conditions, or requiring rehabilitation at home. Nurses provide medical support, including administering medications, wound care, and"
understanding-medicaid-for-home-care-services.html,44,nursing,QUARANTINED,Article is noindex and permanently redirected pending editorial review.,home nursing care in Texas
understanding-medicaid-for-home-care-services.html,45,medical,QUARANTINED,Article is noindex and permanently redirected pending editorial review.,"through Medicaid ensures that individuals receive high-quality medical attention in the comfort of their homes, which can lead to better outcomes and a higher quality of life."
understanding-medicaid-for-home-care-services.html,46,medical,QUARANTINED,Article is noindex and permanently redirected pending editorial review.,"In addition to medical care,"
understanding-medicaid-for-home-care-services.html,48,medical,QUARANTINED,Article is noindex and permanently redirected pending editorial review.,"is an important service that Medicaid can cover. This service provides support with daily living activities, such as assistance with meal preparation, housekeeping, and companionship. This is designed for individuals who may not need extensive medical care but still require help maintaining their independence. It is especially beneficial for seniors and individuals with disabilities who wish to stay in their homes for as long as possible."
understanding-medicaid-for-home-care-services.html,51,home health,QUARANTINED,Article is noindex and permanently redirected pending editorial review.,"Primetime Home Health Services, Inc."
understanding-medicaid-for-home-care-services.html,54,medical,QUARANTINED,Article is noindex and permanently redirected pending editorial review.,"Blogs, content and other media uploaded online are for informational purposes only. Contents on this website should not be considered medical advice. Readers are strongly encouraged to visit their physician for health-related issues."
understanding-medicaid-for-home-care-services.html,60,medical,QUARANTINED,Article is noindex and permanently redirected pending editorial review.,Medical Support
understanding-medicaid-for-home-care-services.html,62,medical,QUARANTINED,Article is noindex and permanently redirected pending editorial review.,Quality Medical Attention
understanding-medicaid-for-home-care-services.html,67,nursing,QUARANTINED,Article is noindex and permanently redirected pending editorial review.,Home Nursing Care: Key Services You Need
unveiling-nursing-care-plans-a-comprehensive-guide.html,1,home health,QUARANTINED,Article is noindex and permanently redirected pending editorial review.,Unveiling Nursing Care Plans: A | Primetime Home Health
unveiling-nursing-care-plans-a-comprehensive-guide.html,1,nursing,QUARANTINED,Article is noindex and permanently redirected pending editorial review.,Unveiling Nursing Care Plans: A | Primetime Home Health
unveiling-nursing-care-plans-a-comprehensive-guide.html,28,nursing,QUARANTINED,Article is noindex and permanently redirected pending editorial review.,Unveiling Nursing Care Plans: A Comprehensive Guide
unveiling-nursing-care-plans-a-comprehensive-guide.html,29,nursing,QUARANTINED,Article is noindex and permanently redirected pending editorial review.,Unveiling Nursing Care Plans: A Comprehensive Guide
unveiling-nursing-care-plans-a-comprehensive-guide.html,34,home health,QUARANTINED,Article is noindex and permanently redirected pending editorial review.,"Nursing care plans play a pivotal role in ensuring the well-being and recovery of individuals receiving care at home. At Primetime Home Health Services, Inc., a leading"
unveiling-nursing-care-plans-a-comprehensive-guide.html,34,nursing,QUARANTINED,Article is noindex and permanently redirected pending editorial review.,"Nursing care plans play a pivotal role in ensuring the well-being and recovery of individuals receiving care at home. At Primetime Home Health Services, Inc., a leading"
unveiling-nursing-care-plans-a-comprehensive-guide.html,35,home health,QUARANTINED,Article is noindex and permanently redirected pending editorial review.,"home health agency in Houston, Texas"
unveiling-nursing-care-plans-a-comprehensive-guide.html,39,nursing,QUARANTINED,Article is noindex and permanently redirected pending editorial review.,", nursing care plans serve as blueprints for addressing various health concerns and promoting holistic wellness."
unveiling-nursing-care-plans-a-comprehensive-guide.html,40,nurse,QUARANTINED,Article is noindex and permanently redirected pending editorial review.,"These plans are meticulously crafted by our skilled nurses in collaboration with patients, their families, and other healthcare providers. They encompass a range of elements, including assessments, interventions, goals, and evaluations, all aimed at optimizing the patient’s quality of life and fostering independence."
unveiling-nursing-care-plans-a-comprehensive-guide.html,42,nursing,QUARANTINED,Article is noindex and permanently redirected pending editorial review.,home nursing care in Texas
unveiling-nursing-care-plans-a-comprehensive-guide.html,43,nursing,QUARANTINED,Article is noindex and permanently redirected pending editorial review.,", our emphasis is on delivering comprehensive and personalized services that prioritize the comfort and dignity of our clients. Nursing care plans form the cornerstone of our approach, allowing us to address not only the medical needs of individuals but also their emotional, social, and spiritual well-being. By tailoring care plans to align with each patient’s preferences and goals, we empower them to participate in their own care journey actively."
unveiling-nursing-care-plans-a-comprehensive-guide.html,43,medical,QUARANTINED,Article is noindex and permanently redirected pending editorial review.,", our emphasis is on delivering comprehensive and personalized services that prioritize the comfort and dignity of our clients. Nursing care plans form the cornerstone of our approach, allowing us to address not only the medical needs of individuals but also their emotional, social, and spiritual well-being. By tailoring care plans to align with each patient’s preferences and goals, we empower them to participate in their own care journey actively."
unveiling-nursing-care-plans-a-comprehensive-guide.html,44,nursing,QUARANTINED,Article is noindex and permanently redirected pending editorial review.,"In addition to nursing care, our team at"
unveiling-nursing-care-plans-a-comprehensive-guide.html,45,home health,QUARANTINED,Article is noindex and permanently redirected pending editorial review.,"Primetime Home Health Services, Inc."
unveiling-nursing-care-plans-a-comprehensive-guide.html,49,home health,QUARANTINED,Article is noindex and permanently redirected pending editorial review.,"For those seeking expert home health care, we stand ready to provide exceptional care tailored to your needs."
unveiling-nursing-care-plans-a-comprehensive-guide.html,53,nursing,QUARANTINED,Article is noindex and permanently redirected pending editorial review.,Nursing Care Guide
unveiling-nursing-care-plans-a-comprehensive-guide.html,65,home health,QUARANTINED,Article is noindex and permanently redirected pending editorial review.,Medication Management: Tips for Home Health Aides
why-home-care-is-essential-for-veterans-health.html,1,home health,QUARANTINED,Article is noindex and permanently redirected pending editorial review.,Why Home Care Is Essential for | Primetime Home Health
why-home-care-is-essential-for-veterans-health.html,35,home health,QUARANTINED,Article is noindex and permanently redirected pending editorial review.,"home health agency in Houston, Texas"
why-home-care-is-essential-for-veterans-health.html,41,medical,QUARANTINED,Article is noindex and permanently redirected pending editorial review.,"For those with more intensive medical needs,"
why-home-care-is-essential-for-veterans-health.html,42,nursing,QUARANTINED,Article is noindex and permanently redirected pending editorial review.,home nursing care in Texas
why-home-care-is-essential-for-veterans-health.html,44,nurse,QUARANTINED,Article is noindex and permanently redirected pending editorial review.,"Skilled nurses can assist with wound care, rehabilitation exercises, and monitoring vital signs. This level of care is especially valuable for veterans managing long-term health conditions or recovery post-surgery, ensuring they receive the care they deserve without having to leave their homes."
why-home-care-is-essential-for-veterans-health.html,44,wound care,QUARANTINED,Article is noindex and permanently redirected pending editorial review.,"Skilled nurses can assist with wound care, rehabilitation exercises, and monitoring vital signs. This level of care is especially valuable for veterans managing long-term health conditions or recovery post-surgery, ensuring they receive the care they deserve without having to leave their homes."
why-home-care-is-essential-for-veterans-health.html,50,home health,QUARANTINED,Article is noindex and permanently redirected pending editorial review.,"to Primetime Home Health Services, Inc. today to learn more about our specialized services. We’re here to provide the assistance and respect our veterans deserve."
why-home-care-is-essential-for-veterans-health.html,58,nursing,QUARANTINED,Article is noindex and permanently redirected pending editorial review.,Skilled Nursing
